/*
SQLyog Ultimate - MySQL GUI v8.2 
MySQL - 5.1.40-community : Database - toxqwe66
*********************************************************************
*/

/*!40101 SET NAMES utf8 */;

/*!40101 SET SQL_MODE=''*/;

/*!40014 SET @OLD_UNIQUE_CHECKS=@@UNIQUE_CHECKS, UNIQUE_CHECKS=0 */;
/*!40014 SET @OLD_FOREIGN_KEY_CHECKS=@@FOREIGN_KEY_CHECKS, FOREIGN_KEY_CHECKS=0 */;
/*!40101 SET @OLD_SQL_MODE=@@SQL_MODE, SQL_MODE='NO_AUTO_VALUE_ON_ZERO' */;
/*!40111 SET @OLD_SQL_NOTES=@@SQL_NOTES, SQL_NOTES=0 */;
CREATE DATABASE /*!32312 IF NOT EXISTS*/`toxqwe66` /*!40100 DEFAULT CHARACTER SET cp1251 */;

USE `toxqwe66`;

/*Table structure for table `Account` */

DROP TABLE IF EXISTS `Account`;

CREATE TABLE `Account` (
  `id` int(11) NOT NULL AUTO_INCREMENT,
  `username` varchar(255) NOT NULL,
  `password` varchar(255) NOT NULL,
  `descriminator` tinytext NOT NULL,
  PRIMARY KEY (`id`)
) ENGINE=InnoDB AUTO_INCREMENT=5 DEFAULT CHARSET=cp1251;

/*Data for the table `Account` */

insert  into `Account`(`id`,`username`,`password`,`descriminator`) values (1,'A/205609/121','qweqwe123','RegisterAccount'),(3,'limitium@gmail.com','qweqwe123','HostAccount'),(4,'h29861','oxQsDKMp','FtpAccount');

/*Table structure for table `Bot` */

DROP TABLE IF EXISTS `Bot`;

CREATE TABLE `Bot` (
  `id` int(11) NOT NULL,
  `vkid` int(11) NOT NULL,
  `first_name` varchar(255) NOT NULL,
  `last_name` varchar(255) NOT NULL,
  `email` varchar(255) DEFAULT NULL,
  `phone` varchar(255) DEFAULT NULL,
  PRIMARY KEY (`id`),
  UNIQUE KEY `UNIQ_395242F1D5727132` (`vkid`),
  CONSTRAINT `FK_395242F1BF396750` FOREIGN KEY (`id`) REFERENCES `rawresult` (`id`) ON DELETE CASCADE
) ENGINE=InnoDB DEFAULT CHARSET=cp1251;

/*Data for the table `Bot` */

/*Table structure for table `Content` */

DROP TABLE IF EXISTS `Content`;

CREATE TABLE `Content` (
  `id` int(11) NOT NULL,
  PRIMARY KEY (`id`),
  CONSTRAINT `FK_31780935BF396750` FOREIGN KEY (`id`) REFERENCES `rawresult` (`id`) ON DELETE CASCADE
) ENGINE=InnoDB DEFAULT CHARSET=cp1251;

/*Data for the table `Content` */

insert  into `Content`(`id`) values (5),(6),(7),(8),(9),(10),(11),(12),(13),(14),(15),(16),(17),(18),(19),(20),(21),(22),(23),(24),(25),(26),(27),(28),(29),(30),(31),(32),(33),(34),(35),(36),(37),(38),(39),(40),(41),(42),(43),(44),(45),(46),(47),(48),(49),(50),(51),(52),(53),(54),(55),(56),(57),(58),(59),(60),(61),(62),(63),(64),(65),(66),(67),(68),(69),(70),(71),(72),(73),(74),(75),(76),(77),(78),(79),(80),(81),(82),(83),(84),(85),(86),(87),(88),(89),(90),(91),(92),(93),(94),(95),(96),(97),(98),(99),(100),(101),(102),(103),(104),(105),(106),(107),(108),(109),(110),(111),(112),(113),(114),(115),(116),(117),(118),(119),(120),(121),(122),(123),(124),(125),(126),(127),(128),(129),(130),(131),(132),(133),(134),(135),(136),(137),(138),(139),(140),(141),(142),(143),(144),(145),(146),(147),(148),(149),(150),(151),(152),(153),(154),(155),(156),(157),(158),(159),(160),(161),(162),(163),(164),(165),(166),(167),(168),(169),(170),(171),(172),(173),(174),(175),(176),(177),(178),(179),(180),(181),(182),(183),(184),(185),(186),(187),(188),(189),(190),(191),(192),(193),(194),(195),(196),(197),(198),(199),(200),(201),(202),(203),(204),(205),(206),(207),(208),(209),(210),(211),(212),(213),(214),(215),(216),(217),(218),(219),(220),(221),(222),(223),(224),(225),(226),(227),(228),(229),(230),(231),(232),(233),(234),(235),(236),(237),(238),(239),(240),(241),(242),(243),(244),(245),(246),(247),(248),(249),(250),(251),(252),(253),(254),(255),(256),(257),(258),(259),(260),(261),(262),(263),(264),(265),(266),(267),(268),(269),(270),(271),(272),(273),(274),(275),(276),(277),(278),(279),(280),(281),(282);

/*Table structure for table `Domen` */

DROP TABLE IF EXISTS `Domen`;

CREATE TABLE `Domen` (
  `id` int(11) NOT NULL AUTO_INCREMENT,
  `register_account_id` int(11) DEFAULT NULL,
  `bot_id` int(11) DEFAULT NULL,
  `name` varchar(255) NOT NULL,
  `bought_at` date DEFAULT NULL,
  `whois` varchar(255) DEFAULT NULL,
  `paid_unitl` date DEFAULT NULL,
  PRIMARY KEY (`id`),
  KEY `IDX_FA9B650FCEE68B80` (`register_account_id`),
  KEY `IDX_FA9B650F92C1C487` (`bot_id`),
  CONSTRAINT `FK_FA9B650F92C1C487` FOREIGN KEY (`bot_id`) REFERENCES `bot` (`id`),
  CONSTRAINT `FK_FA9B650FCEE68B80` FOREIGN KEY (`register_account_id`) REFERENCES `registeraccount` (`id`)
) ENGINE=InnoDB AUTO_INCREMENT=4 DEFAULT CHARSET=cp1251;

/*Data for the table `Domen` */

insert  into `Domen`(`id`,`register_account_id`,`bot_id`,`name`,`bought_at`,`whois`,`paid_unitl`) values (1,1,NULL,'dir-dir-dir.ru','2012-01-22',NULL,'2013-01-22'),(2,1,NULL,'vse-o-mashinkah.ru','2012-01-22',NULL,'2013-01-22'),(3,1,NULL,'autosram.ru','2012-01-22',NULL,'2013-01-22');

/*Table structure for table `DomenHistory` */

DROP TABLE IF EXISTS `DomenHistory`;

CREATE TABLE `DomenHistory` (
  `id` int(11) NOT NULL AUTO_INCREMENT,
  `satellite_id` int(11) DEFAULT NULL,
  `domen_id` int(11) DEFAULT NULL,
  `changet_at` date NOT NULL,
  PRIMARY KEY (`id`),
  KEY `IDX_97B47152D0EAD71` (`satellite_id`),
  KEY `IDX_97B4715EB3C358F` (`domen_id`),
  CONSTRAINT `FK_97B4715EB3C358F` FOREIGN KEY (`domen_id`) REFERENCES `domen` (`id`),
  CONSTRAINT `FK_97B47152D0EAD71` FOREIGN KEY (`satellite_id`) REFERENCES `satellite` (`id`)
) ENGINE=InnoDB DEFAULT CHARSET=cp1251;

/*Data for the table `DomenHistory` */

/*Table structure for table `FtpAccount` */

DROP TABLE IF EXISTS `FtpAccount`;

CREATE TABLE `FtpAccount` (
  `id` int(11) NOT NULL,
  `host_account_id` int(11) DEFAULT NULL,
  `url` varchar(255) NOT NULL,
  PRIMARY KEY (`id`),
  KEY `IDX_5ED6AC9E33F805B3` (`host_account_id`),
  CONSTRAINT `FK_5ED6AC9EBF396750` FOREIGN KEY (`id`) REFERENCES `account` (`id`) ON DELETE CASCADE,
  CONSTRAINT `FK_5ED6AC9E33F805B3` FOREIGN KEY (`host_account_id`) REFERENCES `hostaccount` (`id`)
) ENGINE=InnoDB DEFAULT CHARSET=cp1251;

/*Data for the table `FtpAccount` */

insert  into `FtpAccount`(`id`,`host_account_id`,`url`) values (4,3,'91.227.16.14/www/autosram.ru');

/*Table structure for table `Host` */

DROP TABLE IF EXISTS `Host`;

CREATE TABLE `Host` (
  `id` int(11) NOT NULL AUTO_INCREMENT,
  `url` varchar(255) NOT NULL,
  `ns_servers` longtext,
  PRIMARY KEY (`id`)
) ENGINE=InnoDB AUTO_INCREMENT=3 DEFAULT CHARSET=cp1251;

/*Data for the table `Host` */

insert  into `Host`(`id`,`url`,`ns_servers`) values (1,'host-food.ru','dns0.host-food.ru\r\ndns1.host-food.ru');

/*Table structure for table `HostAccount` */

DROP TABLE IF EXISTS `HostAccount`;

CREATE TABLE `HostAccount` (
  `id` int(11) NOT NULL,
  `host_id` int(11) DEFAULT NULL,
  PRIMARY KEY (`id`),
  KEY `IDX_E933C6871FB8D185` (`host_id`),
  CONSTRAINT `FK_E933C687BF396750` FOREIGN KEY (`id`) REFERENCES `account` (`id`) ON DELETE CASCADE,
  CONSTRAINT `FK_E933C6871FB8D185` FOREIGN KEY (`host_id`) REFERENCES `host` (`id`)
) ENGINE=InnoDB DEFAULT CHARSET=cp1251;

/*Data for the table `HostAccount` */

insert  into `HostAccount`(`id`,`host_id`) values (3,1);

/*Table structure for table `HttpAccount` */

DROP TABLE IF EXISTS `HttpAccount`;

CREATE TABLE `HttpAccount` (
  `id` int(11) NOT NULL,
  `login_field` varchar(255) DEFAULT NULL,
  `password_field` varchar(255) DEFAULT NULL,
  `url` varchar(255) DEFAULT NULL,
  PRIMARY KEY (`id`),
  CONSTRAINT `FK_D656DFABBF396750` FOREIGN KEY (`id`) REFERENCES `account` (`id`) ON DELETE CASCADE
) ENGINE=InnoDB DEFAULT CHARSET=cp1251;

/*Data for the table `HttpAccount` */

insert  into `HttpAccount`(`id`,`login_field`,`password_field`,`url`) values (1,NULL,NULL,NULL),(3,NULL,NULL,NULL);

/*Table structure for table `Indexed` */

DROP TABLE IF EXISTS `Indexed`;

CREATE TABLE `Indexed` (
  `id` int(11) NOT NULL AUTO_INCREMENT,
  `domen_id` int(11) DEFAULT NULL,
  `search_engine_id` int(11) DEFAULT NULL,
  `in_index` tinyint(1) DEFAULT NULL,
  `check_at` datetime NOT NULL,
  PRIMARY KEY (`id`),
  KEY `IDX_16FC5409EB3C358F` (`domen_id`),
  KEY `IDX_16FC54095C978CA2` (`search_engine_id`),
  CONSTRAINT `FK_16FC54095C978CA2` FOREIGN KEY (`search_engine_id`) REFERENCES `searchengine` (`id`),
  CONSTRAINT `FK_16FC5409EB3C358F` FOREIGN KEY (`domen_id`) REFERENCES `domen` (`id`) ON DELETE CASCADE
) ENGINE=InnoDB DEFAULT CHARSET=cp1251;

/*Data for the table `Indexed` */

/*Table structure for table `MetaData` */

DROP TABLE IF EXISTS `MetaData`;

CREATE TABLE `MetaData` (
  `id` int(11) NOT NULL AUTO_INCREMENT,
  `content_id` int(11) DEFAULT NULL,
  `pattern_type_id` int(11) DEFAULT NULL,
  `data` varchar(1000) NOT NULL,
  PRIMARY KEY (`id`),
  KEY `IDX_1650F97C84A0A3ED` (`content_id`),
  KEY `IDX_1650F97CEE49CE3` (`pattern_type_id`),
  CONSTRAINT `FK_1650F97CEE49CE3` FOREIGN KEY (`pattern_type_id`) REFERENCES `patterntype` (`id`),
  CONSTRAINT `FK_1650F97C84A0A3ED` FOREIGN KEY (`content_id`) REFERENCES `content` (`id`)
) ENGINE=InnoDB AUTO_INCREMENT=1087 DEFAULT CHARSET=cp1251;

/*Data for the table `MetaData` */

insert  into `MetaData`(`id`,`content_id`,`pattern_type_id`,`data`) values (5,5,3,'ТагАЗ||российский автопром||кризис'),(6,5,5,'Федеральный арбитражный суд Московского округа прекратил производство дела по жалобе ООО «Таганрогский автомобильный завод» (ТагАЗ) и ООО «Русслегавто» на решения нижестоящих судов о взыскании с них 70 млн долл. в пользу ОАО «Банк ВТБ». Об этом говорится в материалах дела. Дело прекращено в связи с ведущейся между сторонами процедурой мирного урегулирования вопроса долгов автомобильного завода перед банком.||Напомним, Арбитражный суд Москвы взыскал по иску ВТБ с ответчиков 70 млн долл. задолженности по кредитному договору. Исковые требования были увеличены банком с 67,4 млн долл. до 77,6 млн долл. Банк взыскал с ответчиков задолженность по кредитному договору от 30 июня 2008 г., заключенному на сумму в 52,749 млн долл. Позже апелляционный суд подтвердил это решение.||В качестве третьего лица, заявляющего самостоятельные требования, в деле участвовал Михаил Парамонов, который выступал одним из поручителей по кредиту.'),(7,5,1,'Суд обязал ТагАЗ выплатить 70 млн долларов банку ВТБ'),(8,5,2,'12/01/2012'),(9,6,3,'ГИБДД||стихия||дороги'),(10,6,5,'Управление ГИБДД Московской области настоятельно рекомендует водителям быть аккуратнее на дорогах и по возможности отказаться от поездок в связи с сильным снегопадом, который ожидается в регионе в ближайшие два дня, пишет <a href=\"http://www.ria.ru/\" target=\"_blank\">РИА «Новости»</a>.||Ранее МЧС сообщало, что ночью с 11 на 12 января и с 12 на 13 января на территории Центрального федерального округа, в том числе в Москве и Московской области, ожидается сильный снег, налипание мокрого снега на провода и деревья, усиление ветра порывами до 15-20 метров в секунду.||«Ухудшение погоды неблагоприятно сказывается на дорожной обстановке, возрастает число аварий с материальным ущербом, видимость на дороге снижается, асфальтовое покрытие становится скользким, что провоцирует ДТП», – сказали в УГИБДД Подмосковья.||В связи с этим Госавтоинспекция просит водителей соблюдать правила дорожного движения, учитывать метеорологические условия и состояние проезжей части. Водителям следует избегать резких м'),(11,6,1,'ГИБДД Подмосковья просит водителей быть внимательными'),(12,6,2,'12/01/2012'),(13,7,3,'Петербург||криминал||полиция'),(14,7,5,'Следственный комитет по Петербургу проводит доследственную проверку по факту задержания офицера полиции в угнанном автомобиле. Как сообщает пресс-служба СК Петербурга, 30-летний заместитель командира отдельного взвода ДПС ОГИБДД ОМВД по Василеостровскому району капитан полиции Андрей Макагоненко был задержан 10 января 2012 г. у дома № 40 по Песочной набережной на автомобиле Lexus JS-300, который числился в угоне с ноября 2011 г.||По результатам доследственной проверки будет принято процессуальное решение.||Напомним, что недавно ГИБДД Подмосковья обзавелась беспилотником для поиска угнанных автомобилей. Беспилотный самолет позволит с воздуха выявлять места отстоя угнанных автомобилей и несанкционированной стоянки, а также разыскивать спецтехнику. На самолете установлена видеокамера, которая передает изображения оператору. Дальность действия беспилотника составляет около 5 км, максимальный потолок около двух километров.'),(15,7,1,'Капитан полиции ездил по Петербургу на угнанном Lexus'),(16,7,2,'12/01/2012'),(17,8,3,'статистика продаж автомобилей||российский авторынок'),(18,8,5,'Продажи новых легковых и легких коммерческих автомобилей в России в 2011 г. выросли по сравнению с 2010 г. на 39% и составили 2,65 млн машин. Об этом сообщил председатель комитета автопроизводителей Ассоциации европейского бизнеса (АЕБ) Дэвид Томас. Ассоциация прогнозирует рост продаж в 2012 г. до 2,8 млн автомобилей (рост менее 8%).||По данным комитета автопроизводителей АЕБ, самыми продаваемыми в России автомобилями в 2011 г. стали модели Lada. Их продажи составили 578 тыс. 378 шт. (прирост по сравнению с 2010 г. составил 11%).||На втором месте автомобили Chevrolet – 173 тыс. 484 шт. (+49%), на третьем месте по итогам 2011 г. находится Hyundai – 163 тыс. 447 шт. (+88%). Четвертое место занимает Renault – 154 тыс. 734 шт. (+60%). Пятерку замыкают автомобили KIA – 152 тыс. 873 (+47%).||Первые четыре места среди самых продаваемых в России моделей автомобилей занимает продукция АвтоВАЗа: Lada Kalina – 142 тыс. 930 шт. (+31%), Lada Priora – 138 тыс. 697 шт. (+11%), Lada Samara – 122 тыс. '),(19,8,1,'Продажи автомобилей в России в 2011 г. выросли на 40%'),(20,8,2,'12/01/2012'),(21,9,3,'статистика продаж автомобилей'),(22,9,5,'Объем продаж автомобилей в КНР (включая легковые авто и коммерческий транспорт) по итогам 2011 г. вырос на 2,5% по сравнению с 2010 г. Показатель составил 18,5 млн единиц против 18 млн годом ранее, передает (С) Associated Press со ссылкой на сообщение Китайской ассоциации автопроизводителей (CAAM), аффилированной с правительством страны.||Темпы роста продаж существенно замедлились по сравнению с 2010 г., когда показатель вырос на 32%. Причиной стало решение властей страны об отмене налоговых льгот для производителей малолитражных машин. Поддержки лишились также фермеры, закупающие грузовую технику для сельскохозяйственных нужд. Кроме того, власти ограничили продажи машин в крупнейших городах страны в целях разгрузки транспортных узлов.||Тем не менее китайский авторынок остается крупнейшим в мире. В то же время США, уступившие КНР первое место в 2009 г., впервые за последние несколько лет опередили Китай по темпам роста данного сегмента. По итогам 2011 г. американский авторынок вырос на'),(23,9,1,'За 2011 год в Китае было продано 18 500 000 автомобилей'),(24,9,2,'12/01/2012'),(25,10,3,'Chrysler||Jeep||внедорожники'),(26,10,5,'Концерн Chrysler Group LLC намерен в первом полугодии 2012 года окончательно определиться с планами по выпуску внедорожников Jeep в России. Об этом сообщает <a href=\"http://www.ria.ru/\" target=\"_blank\">РИА «Новости»</a> со ссылкой на интервью главы Jeep Майка Мэнли агентству Bloomberg. «Мы находимся на этапе окончательного определения того, как выпускать Jeep в России», – сказал М. Мэнли.||Намерение Chrysler организовать производство в РФ является частью плана по увеличению продаж автомобилей за пределами Северной Америки. Выпуск Jeep может быть налажен в Китае в 2013-2014 годах, сообщил М. Мэнли. Производство внедорожников также будет запущено в 2013 году на заводе Fiat в Турине.||Как известно, власти Санкт-Петербурга в первом квартале 2012 года планируют подписать с Fiat меморандум о намерениях строительства завода на территории города. По словам источника, знакомого с планами Fiat, итальянский автопроизводитель будет производить на заводе под Санкт-Петербургом автомобили Jeep, в час'),(27,10,1,'Chrysler может запустить производство Jeep в России'),(28,10,2,'12/01/2012'),(29,11,3,'миовой автопром'),(30,11,5,'Динамика глобальной автомобильной промышленности в 2012 году сохранит умеренные темпы прошлого года, когда рынок вырос на 3%. Таков прогноз развития мирового автопрома на 2012 год, сделанный экспертами компании Ernst&Young.||Одним из основных источников беспокойства, по мнению аналитиков, станет охлаждение развивающихся рынков в 2012 году, однако долгосрочный прогноз развития отрасли остается благоприятным.||На автомобильных рынках индустриально развитых европейских стран следует ожидать вялую реализацию, обусловленную кризисом суверенного долга. Перспективы увеличения реализации на рынке США не очевидны. Несмотря на сделанные ранее позитивные прогнозы о восстановлении в текущем году производства и реализации автомобилей до уровня предкризисного 2007 года, ожидать его теперь приходится не раньше середины текущего десятилетия.||В результате в 2012 году следует ожидать сохранения основных тенденций, проявившихся в отрасли в прошедшем году, прогнозируют в Ernst&Young.'),(31,11,1,'Мировой авторынок вырастет в 2012 году всего на 3%'),(32,11,2,'12/01/2012'),(33,12,3,'Москва||дороги||стихия'),(34,12,5,'В Москве за последние сутки с улиц было вывезено 400 тыс. куб. м снега, с начала зимнего сезона – более 6,5 млн куб. м. Как сообщил ИА «РБК» пресс-секретарь заместителя мэра Москвы по вопросам жилищно-коммунального хозяйства и благоустройства города Игорь Пергаменщик, минувшей ночью в уборке города было задействовано 6,5 тыс. единиц спецтехники, в том числе 2,6 тыс. самосвалов.||С начала текущей недели после периода оттепели в столице вновь начались снегопады, и коммунальная техника активно задействуется в уборке снега и вывозе его на снегосплавные пункты.||Ранее заместитель мэра Москвы по вопросам жилищно-коммунального хозяйства и благоустройства Петр Бирюков дал поручение городским коммунальным службам продолжить уборку города. Снег вывозится с лотковой части дорог, тротуаров, остановок общественного транспорта, подходов к социальным объектам.'),(35,12,1,'С начала зимы с улиц Москвы вывезли 6,5 млн куб. м снега'),(36,12,2,'12/01/2012'),(37,13,3,'техосмотр||Москва'),(38,13,5,'В Москве число пунктов техосмотра машин в 2012 г. будет увеличено с 199 до 270 штук, появятся передвижные комплексы проведения ТО. Как сообщает пресс-служба Департамента транспорта и развития дорожно-транспортной инфраструктуры, в 2011 г. процедуру технического осмотра в Москве прошли 1 048 000 автомобилей. По сравнению с предыдущими периодами это значительно меньше, так как с 1 июня по 31 декабря 2011 г. в РФ действовал мораторий на проведение техосмотра.||В настоящее время в городе задействовано 199 линий техосмотра с пропускной способностью 1 750 000 машин в год. По прогнозам специалистов, из-за роста числа автомобилей в 2012 г. желающих пройти техосмотр будет существенно больше – от 2 000 000 до 2 400 000. В связи с этим правительство Москвы приняло решение об увеличении количества линий, принимающих транспортные средства на освидетельствование.||Помимо стационарных пунктов контроля в эту систему войдут 20 передвижных комплексов. Первый из них, рассчитанный на две линии, заработает'),(39,13,1,'Количество пунктов техосмотра в Москве вырастет до 270'),(40,13,2,'12/01/2012'),(41,14,3,'автоспорт||звезды'),(42,14,5,'Роберт Кубица повторно сломал правую ногу, пишет сайт <a href=\"http://f1news.ru\" target=\"_blank\">F1news.ru</a>. Год назад, в феврале 2011 года, польский пилот попал в страшную аварию на раллийной трассе. Полученные им тяжелые травмы исключили его выступление в «Формуле-1». Его место в Lotus Renault занял Ник Хайдфельд.||Теперь гонщик упал, поскользнувшись на льду, в итальянском городе Пьетрасанта, где он живет в настоящее время. После падения Р. Кубица попросил доставить его в клинику Pietra Ligure, где проходил лечение после прошлогодней аварии.||Как сообщает сайт, Р. Кубица получил повторный перелом правой большеберцовой кости, и лечение займет как минимум несколько недель. Официальных заявлений от менеджеров гонщика пока не поступало. Однако, похоже, вернуться в большой спорт поляк сможет еще нескоро.'),(43,14,1,'Автоспорт: Р. Кубица сломал травмированную ногу'),(44,14,2,'12/01/2012'),(45,15,3,'Toyota||Lexus||статистика продаж автомобилей'),(46,15,5,'ООО «Тойота Мотор» в 2011 году реализовало в России 133 203 автомобиля марок Toyota и Lexus. В частности, за прошедший год на российском рынке было продано 119 505 автомобилей Toyota, что на 51% превышает аналогичный показатель 2010 года. Доля бренда на российском автомобильном рынке составила 4,5%. Лучшие результаты продаж показали модели RAV4 (27 206 автомобилей), Corolla (27 007 автомобилей) и Camry (21 443 автомобиля). Внедорожники составили 52,7% от общих продаж автомобилей Toyota в России.||Продажи Lexus в 2011 году составили 13 698 автомобилей, что на 25% больше, чем годом ранее. По результатам прошлого года доля бренда Lexus в премиум-сегменте составляет 8,8%. Наиболее популярной моделью по-прежнему остается Lexus RX (6395 автомобилей). В тройку самых популярных моделей также вошли Lexus LX 570 (3186 автомобилей) и Lexus GX 460 (1955 автомобилей). На внедорожные модели в 2011 году пришлось 84,2% продаж Lexus в России.||В 2011 году российские клиенты приобрели 2074 автомобиля To'),(47,15,1,'Toyota за год увеличила продажи в России в полтора раза'),(48,15,2,'12/01/2012'),(49,16,3,'бензин||цены'),(50,16,5,'Президент России Дмитрий Медведев поручил руководителю Федеральной антимонопольной службы РФ Игорю Артемьеву обеспечить проведение мониторинга и анализа рыночных цен на бензин и другие виды топлива и при выявлении их необоснованного завышения оперативно принимать меры в соответствии с законодательством Российской Федерации, сообщает пресс-служба главы государства. О результатах работы, в соответствии с поручением, необходимо будет доложить до 1 июля 2012 г.||Отметим, что за прошлый год цены на бензин в России поднялись более чем на 13%. За период с января по декабрь 2011 г. прирост цен составил 13,7%. В ноябре 2011 г. стоимость бензина достигла 26,62 руб./л. Цена бензина марки А-76 за январь-ноябрь 2011 г. выросла на 19,3% и составила 24,61 руб./л, Аи-92 – на 12,2% – 26,65 руб./л, Аи-95 – на 11,4% – 28,54 руб./л. Дизельное топливо стало дороже на 28,1% и в ноябре стоило 27,52 руб./л.'),(51,16,1,'Д. Медведев поручил главе ФАС РФ провести мониторинг цен на бензин'),(52,16,2,'12/01/2012'),(53,17,3,'Opel||General Motors||мировой автопром||автобизнес'),(54,17,5,'Концерн General Motors Co., являющийся владельцем компании Opel, рассматривает возможность перевода некоторых своих производственных мощностей на европейские заводы, что может помочь спасти Opel от банкротства. Об этом сообщает <a href=\"http://www.ria.ru/\" target=\"_blank\">РИА «Новости»</a> со ссылкой на агентство (С) Reuters.||Так, по данным источников зарубежного информагентства, в настоящее время концерн ведет переговоры с крупнейшим профсоюзом промышленных рабочих Германии IG Metall о частичном переносе производства Chevrolet из Южной Кореи на заводы Opel в Европе, в частности в Польше. General Motors, в свою очередь, получит возможность применения мер по сокращению затрат, которые необходимы для спасения бренда от банкротства. По словам источников, американский концерн планирует разработать четкую стратегию для Opel к концу марта.'),(55,17,1,'General Motors ведет переговоры о реструктуризации Opel'),(56,17,2,'12/01/2012'),(57,18,3,'Ford||отзывы'),(58,18,5,'Ford отзывает почти 450 000 автомобилей по причине различных технических неисправностей в ряде моделей, говорится в сообщении компании. Как передает (С) Associated Press, почти половина отозванных автомобилей – мини-фургоны Ford Freestar и Mercury Monterey 2004-2005 гг., в работе трансформаторов у которых часто наблюдаются неисправности. Еще половина – внедорожники Ford Escape 2001-2002 гг. Неплотно закрывающаяся крышка резервуара для тормозной жидкости у этих автомобилей может привести к коррозии металлических элементов и потенциальному возгоранию.||Ford сообщает, что оповестит владельцев автомобилей, попадающих под отзыв, и бесплатно произведет замену неисправных частей.'),(59,18,1,'Ford отзывает полмиллиона автомобилей'),(60,18,2,'12/01/2012'),(61,19,3,'Renault'),(62,19,5,'Парижский суд отказался рассматривать иск наследников основателя Renault, требовавших от государства выплаты компенсации за национализацию компании в 1945 г.||В мае 2011 года семеро внуков Рено обратились с соответствующим иском в суд в Париже. Их дед Луи Рено в сентябре 1944 г. был арестован и обвинен в сотрудничестве с нацистами. Спустя месяц он умер в тюрьме, не дождавшись суда. В январе 1945 г. власти Франции решили национализировать Renault.||Наследники Рено заявили, что национализация компании, крупнейшим акционером которой является французское государство, была неконституционной и могла быть проведена лишь в случае, если бы владелец Renault был признан виновным в суде, передает Би-би-си.'),(63,19,1,'Суд отказался рассматривать иск наследников Renault'),(64,19,2,'12/01/2012'),(65,20,3,'Audi||новинки'),(66,20,5,'Вcлед за рассекречиванием облика салона новой A3 Audi опубликовала наконец официальные фото автомобиля, до сих пор виденного только на шпионских фото.||На опубликованных фотографиях A3 представлен в кузове хэтчбек. Напомним, ранее в компании сообщали, что модель будет выходить в четырех типах кузова: седан, трехдверный хэтчбек, пятидверный хэтчбек и кабриолет. Автомобиль получил более угловатый кузов и массивную радиаторную решетку в духе концепта, дебютировавшего на прошлогоднем Женевском автосалоне. Ожидается, что в этом году Audi представит серийную модель A3 там же, в Женеве.||Audi пока не сообщила официальных технических характеристик A3, но можно предположить, что новинка будет оснащаться широкой линейкой бензиновых двигателей мощностью 105-210 л.с. и турбодизелей (до 170 л.с.). Несколько позже ожидается и появление гибридной версии.'),(67,20,1,'Audi опубликовала официальные фото A3 нового поколения в кузове хэтчбек'),(68,20,2,'11/01/2012'),(69,21,3,'Renault||финансы||автобизнес'),(70,21,5,'Концерн Renault SA может отложить крупные вливания денежных средств в развитие бизнеса, чтобы избежать трудностей в 2012 году. Об этом пишет <a href=\"http://www.ria.ru/\" target=\"_blank\">РИА «Новости»</a> со ссылкой на заявление операционного директора компании Карлоса Тавареса.||Выступая перед финансовой комиссией Национального собрания Франции, К. Таварес отметил, что руководство Renault в настоящее время находится в процессе рассмотрения вариантов сокращения расходов. Что касается переноса сроков инвестиций, то пока на этот счет нет полной уверенности, однако нельзя исключать подобного сценария, добавил он.||Среди крупнейших по объему инвестиций проектов Renault в текущем году – развитие предприятия по сборочному производству в городе Дуэ, а также перемещение производства фургонов из Барселоны в Сандувиль. На их реализацию потребуется около 650 млн евро.||Отметим, что Renault и другие европейские автопроизводители ожидают трудности в развитии бизнеса в текущем году. В частности, объе'),(71,21,1,'Renault отложит развитие бизнеса из-за нехватки финансов'),(72,21,2,'11/01/2012'),(73,22,3,'АвтоВАЗ||статистика продаж автомобилей'),(74,22,5,'Продажи ОАО «АвтоВАЗ» в России в 2011 г. выросли на 10,6% по сравнению с предыдущим годом и составили 578 387 автомобилей. Об этом сообщила пресс-служба компании.||По итогам 2011 г. в России было продано 142 930 автомобилей Lada Kalina (на 31,1% больше, чем в 2010 г.), 138 701 экземпляр Lada Priora (+10,5%), 122 473 машины Lada Samara (+16,1%). Также было продано 86 940 автомобилей Lada 2105/2107 (продажи снизились на 36,1% по сравнению с 2010 г.), 60 738 штук Lada 4&#215;4 (+36,1%) и 1023 авто Lada Granta.||В декабре 2011 г. на российском рынке было продано 43 172 автомобиля Lada, что на 2,7% больше, чем в ноябре 2011 г. На экспорт в декабре 2011 г. АвтоВАЗ отправил 6175 автомобилей Lada, всего за 2011 г. – 56 010 автомобилей.'),(75,22,1,'АвтоВАЗ продал в России более полумиллиона авто'),(76,22,2,'11/01/2012'),(77,23,3,'ДТП||регионы'),(78,23,5,'В Волгограде в результате дорожно-транспортного происшествия с участием маршрутного такси и фургона пострадали девять человек. Об этом сообщает пресс-служба главного управления МЧС РФ по Волгоградской области.||Инцидент произошел на проспекте Жукова в Дзержинском районе. Водитель маршрутного такси, следуя в сторону центра Волгограда, не справился с управлением, выехал на полосу встречного движения и столкнулся с фургоном «Газель», после чего обе машины отбросило на обочину.||Все пострадавшие доставлены в больницу, состояние одного из них медики оценивают как тяжелое. С пострадавшими и их родственниками работают психологи МЧС.'),(79,23,1,'Маршрутка врезалась в «Газель», 9 человек пострадали'),(80,23,2,'11/01/2012'),(81,24,3,'Москва||дороги'),(82,24,5,'В Москве в 2012 году начнется реконструкция семи вылетных магистралей, сообщает <a href=\"http://www.ria.ru/\" target=\"_blank\">РИА «Новости»</a> со ссылкой на столичный департамент по конкурентной политике. Напомним, что в общей сложности в Москве планируется реконструировать все 19 вылетных магистралей. По девяти из них уже готова проектная документация. Это Варшавское, Каширское, Рублевское, Щелковское, Можайское, Ленинградское шоссе (от МКАД до станции метро «Сокол») и шоссе Энтузиастов, Волгоградский и Рязанский проспекты. Общая протяженность реконструируемой сети по 19 магистралям составляет 270 км.||«В 2012 году начнется реконструкция семи вылетных магистралей из первых девяти, по которым уже готовы проектные документы. Также в следующем году начнется сооружение развязок на пересечении основных городских трасс с МКАД. Сейчас там движение тормозят, как правило, либо светофоры, либо неудобно спроектированные съезды на «кольцо» и заезды с него. Именно из-за такой сложной и неудобной р'),(83,24,1,'В Москве начинается реконструкция семи магистралей'),(84,24,2,'11/01/2012'),(85,25,3,'статистика||российский авторынок'),(86,25,5,'На каждую тысячу жителей России приходится 250 автомобилей, то есть по статистике авто имеется у каждого четвертого жителя страны. Именно такие цифры приводит агентство «Автостат» по данным на начало 2012 года. По данным агентства, общий парк легковых автомобилей в РФ – около 35,5 млн единиц.||Как рассказал директор «Автостата» Сергей Целиков, автомобилизация населения в России в настоящее время находится на уровне автомобилизации европейских стран в 70-х годах прошлого столетия. В настоящее время на тысячу жителей стран Европы приходится от 480 до 600 легковых автомобилей.||Стоит отметить, что 52% российских машин по-прежнему старше 10 лет. Зато процент иномарок продолжает увеличиваться: по предварительной оценке, сейчас на их долю приходится около 46% автопарка страны.'),(87,25,1,'«Автостат»: у каждого четвертого жителя России есть автомобиль'),(88,25,2,'11/01/2012'),(89,26,3,'KIA||статистика продаж автомобилей'),(90,26,5,'Продажи KIA Motors Corporation за 2011 год составили рекордные 2 478 959 автомобилей. Таким образом, рост продаж по сравнению с прошлым годом составил 18,6%. Компания впервые в своей истории преодолела отметку в 2,4 млн проданных автомобилей.||Продажи марки в России составили 152 873 автомобиля. По сравнению с результатами, показанными по итогам 2010 года, продажи компании выросли на 46,6%. Таким образом, Россия стала самым быстрорастущим рынком для KIA в мире.||Самой продаваемой моделью марки в России стал Rio с результатом в 49 858 автомобилей. В том числе было продано 17 306 экземпляров Rio нового поколения (старт продаж состоялся 1 октября 2011 года). За ним следует cee’d – 28 868 автомобилей. Замыкает тройку лидеров Sportage с показателем 23 880.'),(91,26,1,'KIA за год увеличила продажи автомобилей в полтора раза'),(92,26,2,'11/01/2012'),(93,27,3,'Москва||дороги'),(94,27,5,'На севере столицы началась масштабная реконструкция Большой Академической улицы. Работы продлятся около года: по плану они должны быть завершены в I квартале 2013-го. Как сообщает пресс-служба департамента строительства столицы, проектом реконструкции предусмотрено: строительство и реконструкция 5 км дорожного полотна (будет организовано по три полосы движения транспорта в каждом направлении); строительство тоннеля длиной 410 м на пересечении улиц Михалковская и Прянишникова; три подземных пешеходных перехода и пять надземных пешеходных мостов.||В попадающих в зону реконструкции жилых домах проведут плановую замену оконных блоков на шумозащитные, здесь также появятся два шумозащитных экрана суммарной длиной 2,9 км.||В процессе реконструкции будут построены и модернизированы инженерные сооружения – дождевая канализация, водопровод, городская канализация, теплосеть. В результате проведенных работ магистраль будет обеспечена автоматизированной системой управления дорожным движением, прове'),(95,27,1,'В Москве приступили к реконструкции Большой Академической улицы'),(96,27,2,'11/01/2012'),(97,28,3,'АвтоВАЗ||автобизнес||российский автопром'),(98,28,5,'Акции АвтоВАЗа стали расти в цене на фоне позитивных корпоративных новостей, сообщает <a href=\"http://www.ria.ru/\" target=\"_blank\">РИА «Новости»</a> со ссылкой на ММВБ. На 11:10 мск обыкновенные и привилегированные акции компании поднялись в цене на 8,4% и 12% соответственно.||На рост акций в цене повлияло в том числе то, что в конце прошлого года АвтоВАЗ договорился с Новолипецким металлургическим комбинатом (НЛМК) и Магнитогорским металлургическим комбинатом (ММК) о пролонгации годовых контрактов.||Кроме того, стало известно, что 30 декабря 2011 года крупнейший российский автопроизводитель завершил первый этап размещения допэмиссии в пользу своих основных акционеров – государственной корпорации «Ростехнологии», компании Troika Dialog Investments Limited («Тройка Диалог») и компании Renault.||По мнению трейдеров, на положительную динамику котировок акций повлияло и назначение директором по качеству компании Лорана Фофана из Renault.'),(99,28,1,'Акции АвтоВАЗа стали расти в цене'),(100,28,2,'11/01/2012'),(101,29,3,'Honda||Acura||Детройт-2012||российский авторынок||мировой авторынок'),(102,29,5,'В 2014 году Honda выведет на российский рынок автомобили принадлежащего ей бренда Acura. Об этом заявил президент и генеральный директор Honda Таканобу Ито на автосалоне в Детройте.||Acura настроена на завоевание новых рынков: согласно принятому плану развития, несколько раньше, в 2013 году, ее автомобили появятся в Объединенных Арабских Эмиратах и Саудовской Аравии, а затем произойдет и выход на рынки России и Украины. Напомним, бренд Acura изначально создавался как премиум-бренд – именно это, по мнению управления компании, и делает его как нельзя более подходящим для выбранных рынков. Во всех этих странах присутствует реальный спрос на большие и роскошные автомобили, то есть именно такие, на которых специализируется Acura.'),(103,29,1,'В 2014 году на российском авторынке появятся автомобили Acura'),(104,29,2,'11/01/2012'),(105,30,3,'Volvo||концепты||гибриды||Детройт-2012'),(106,30,5,'Президент и главный управляющий Volvo Cars Штефан Якоби лично представил гибридный концепт XC60, за его рулем выехав на сцену автосалона в Детройте. Несмотря на наличие слова «концепт» в названии новинки, автомобиль практически готов к запуску в серийное производство.||Силовая установка автомобиля аналогична силовой установке V60 с той разницей, что в последней используется дизельный ДВС. Заднюю ось XC60 вращает электромотор мощностью 70 л.с., питающийся от литиево-ионной батареи, а переднюю – четырехцилиндровый бензиновый турбодвигатель мощностью 280 л.с., что дает автомобилю суммарную мощность 350 л.с. и позволяет разгоняться с нуля до 100 км за 5,8 секунды. Его максимальная скорость составляет 209 км/ч.||Внедорожник может проехать 45 км на одной электротяге. Расход топлива в гибридном режиме – всего 2,3 л/100 км. Запас хода XC60 тоже впечатляет: 960 км.'),(107,30,1,'Volvo представил гибридный концепт XC60 в Детройте'),(108,30,2,'11/01/2012'),(109,31,3,'Audi||A6||A6 Allroad||универсалы||Детройт-2012'),(110,31,5,'На международном автосалоне в Детройте Audi представила новый «внедорожный» универсал A6 Allroad. У этой модели дорожный просвет на 6 см больше, чем у стандартного универсала A6. Кроме того, «внедорожная» версия получила решетку радиатора и передний бампер нового дизайна, релинги на крыше и защиту выхлопной трубы.||Audi A6 Allroad комплектуется пневматической подвеской, которую можно занизить на 15 мм для улучшения аэродинамики на высоких скоростях или повысить на 35 мм на бездорожье.||Универсал будет предлагаться с четырьмя моторами: бензиновым V6 объемом 3 л и мощностью 306 л.с., крутящий момент которого составляет 440 Н&#183;м, и тремя дизельными 3-литровыми двигателями мощностью 201, 242 и 309 л.с. Последний агрегатируется с восьмиступенчатой автоматической коробкой передач, а все остальные моторы – с семискоростной КПП.'),(111,31,1,'Audi показала в Детройте универсал A6 Allroad'),(112,31,2,'11/01/2012'),(113,32,3,'ГИБДД-ГАИ||криминал'),(114,32,5,'Следственный комитет Республики Алтай возбудил уголовное дело в отношении 38-летнего Сергея Егузекова, подозреваемого в попытке убить двух сотрудников правоохранительных органов (ст. 317 УК РФ). По данным следствия, вечером 1 января 2012 года Егузеков, находясь в состоянии алкогольного опьянения, произвел два прицельных выстрела в инспекторов ДПС группы ДПС ОГИБДД ММО МВД России «Майминский», которые находились в служебном автомобиле. Инцидент произошел в районе моста через р. Катунь вблизи села Аскат Чемальского района.||Егузеков был задержан и допрошен, в настоящее время он находится под стражей. В сообщении отмечается, что ранее он работал в ГИБДД. Расследование уголовного дела продолжается. Причины, побудившие задержанного стрелять в инспекторов ДПС, пока не уточняются.'),(115,32,1,'Возбуждено дело на бывшего гаишника, пытавшегося застрелить своих коллег'),(116,32,2,'11/01/2012'),(117,33,3,'Hyundai||кадры'),(118,33,5,'Новым гендиректором «Хендэ Мотор СНГ» с 10 января 2012 года стал Лим Бюн Квон. Как сообщили в пресс-службе компании, Лим Бюн Квон работает в компании Hyundai Motor с января 1987 года. В 2008 году он занял должность исполнительного директора департамента планирования и координации бизнеса, в 2010-м стал первым вице-президентом группы международного маркетинга, а в 2011-м – первым вице-президентом европейского дивизиона компании.||Прежний генеральный директор российского представительства компании Кюн Рэ Чо покинул свой пост и вступил в должность главы европейского департамента компании Hyundai Motor.||Напомним, созданная в 1967 году Hyundai Motor Co. в настоящее время преобразована в автостроительную группу Hyundai-KIA, которая объединяет более двух десятков филиалов и подразделений, связанных с производством автомобилей. По всему миру в компании заняты свыше 75 тыс. человек. Автомобили Hyundai продаются в 193 странах мира.||«Хендэ Мотор Мануфактуринг Рус» – автомобильный завод Hyundai,'),(119,33,1,'В «Хендэ Мотор СНГ» назначен новый генеральный директор'),(120,33,2,'11/01/2012'),(121,34,3,'Audi'),(122,34,5,'В Audi до последнего не разглашали информацию о новом A3, который должен появиться в продаже уже в этом году. Вчера, 10 декабря, Audi наконец рассекретила внешний вид салона A3 на Международной выставке потребительской электроники (CES) в Лас-Вегасе.||Салон автомобиля получил новый дизайн. Приборная панель наклонена к водителю, что обеспечивает удобный доступ ко всем системам. ||Появился подъемный 7-дюймовый экран развлекательно-информационной системы, разработанной совместно с Nvidia. В сердце системы – двухъядерный процессор Tegra 2. В дальнейшем она станет основой системы MMX, отвечающей за навигацию, связь с интернетом и телефонную связь в автомобиле. Пока же для телефонной связи и SMS A3 дополнительно оснащают док-станцией, подходящей для всех моделей телефонов.||О дате первого показа автомобиля пока не сообщается, но ожидается, что Audi представит новинку на автосалоне в Женеве. В компании подтвердили, что запуск модели в производство должен произойти в самом ближайшем будущем.'),(123,34,1,'Audi показала салон обновленной модели A3'),(124,34,2,'11/01/2012'),(125,35,3,'ДТП'),(126,35,5,'В Курганской области один человек погиб и семеро получили травмы в результате ДТП, причиной которого стала невнимательность при совершении обгона по встречной полосе. Как сообщает областное управление ГИБДД, среди пострадавших – двое детей.||Как было установлено, девушка 1986 года рождения на «Жигулях» 6-й модели ехала со стороны Кургана в сторону г. Шадринска. На 242-м км автодороги Екатеринбург – Курган водитель при совершении обгона не убедилась в безопасности этого маневра и допустила столкновение со встречным автомобилем «ВАЗ-21101», за рулем которой находился водитель 1987 года рождения.||В результате происшествия госпитализированы оба водителя, два пассажира «шестерки» (женщина 1975 г. рождения, мальчик 1999 г. рождения) и три пассажира «десятки» (женщина 1967 г. рождения, девушка 1990 г. рождения и девочка 2001 г. рождения). Еще один пассажир «ВАЗ-21061» – мужчина 1950 г. рождения – от полученных травм скончался на месте.||«Водитель «шестерки» имеет стаж всего 2,5 года. За врем'),(127,35,1,'Невнимательность при обгоне стала причиной ДТП, 1 человек погиб и 7 пострадали'),(128,35,2,'11/01/2012'),(129,36,3,'ДТП'),(130,36,5,'В Республике Алтай в результате ДТП погибли пять человек, в том числе сотрудники Онгудайской сельской администрации. Как сообщили в правительстве республики, сегодня утром на Чуйском тракте в Шебалинском районе Республики Алтай произошла крупная автомобильная катастрофа.||Служебная «Волга» Онгудайской сельской администрации, в которой находились четыре пассажира, направлявшиеся в служебную командировку в Горно-Алтайск, столкнулась с грузовым фургоном Hino. В результате аварии погибли водитель и все пассажиры «Волги». В числе погибших – глава Онгудайского сельского поселения Андрей Письменных. Водитель и пассажир грузового фургона госпитализированы в Майминскую больницу с травмами различной степени тяжести.||По поручению главы Республики Алтай Александра Бердникова создана правительственная комиссия по расследованию обстоятельств катастрофы под руководством вице-премьера Роберта Пальталлера, который выехал на место происшествия. Родственникам погибших будет оказана материальная помощь.'),(131,36,1,'В ДТП с участием служебной «Волги» и грузовика погибло пять человек'),(132,36,2,'11/01/2012'),(133,37,3,'Chevrolet||концепты||Детройт-2012'),(134,37,5,'На автосалоне в Детройте были представлены два спортивных концепта: Chevrolet Code 130R и Tru 140S. Многие посетители отметили эмблему, ассоциирующуюся с Chevrolet Corvette, – два скрещенных флага. Как пояснил Николас Дэвид, ведущий дизайнер Gеneral Motors, спроектировавший Tru 140S, в прошлом эта эмблема появлялась на самых разных спортивных моделях Chevrolet, от Convair до Corvette, но в настоящее время, действительно, сохранилась только как элемент дизайна последнего. Новые концепты возрождают старую традицию, возвращая спортэмблему.||Code 130R и Tru 140S ориентированы на одну и ту же целевую аудиторию. Это преимущественно молодежь, заинтересованная в стильных спорткарах, но предпочитающая не слишком дорогие модели.||Оба автомобиля представляют собой четырехместные купе. Code 130R получил задний привод, а трехдверный Tru 140S – передний, но на этом основные различия в технических характеристиках и заканчиваются: под капотом обоих концептов оказался 1,4-литровый турбодвигатель Ecotec'),(135,37,1,'Chevrolet показал в Детройте два спортивных концепта'),(136,37,2,'11/01/2012'),(137,38,3,'Renault-Nissan||мировой авторынок||статистика||Детройт-2012'),(138,38,5,'В 2011 году группа Renault-Nissan продала 8,03 млн автомобилей – на 750 000 больше, чем за предыдущий год. Об этом сообщил исполнительный директор альянса Карлос Гон. Всего за год было продано 2,72 млн автомобилей Renault, 4,67 млн – Nissan и 0,64 млн – АвтоВАЗа, передает (C) Reuters.||«Альянс достиг повышения объема продаж на 10,3%, несмотря на все трудности, с которыми мы столкнулись в 2011 году. Среди них и мартовское землетрясение в Японии, и наводнение в Таиланде, и ненормальное усиление иены на фоне нестабильности в экономике Европы», – рассказал К. Гон. По его словам, в ближайшем будущем альянс намерен сконцентрировать усилия на растущем китайском рынке, который играет значительную роль в планах по развитию группы Renault-Nissan до 2016 года. В речи, которую руководитель компании произнес на стартовавшем автосалоне в Детройте, он подчеркнул, что опыт и подход, используемый в Nissan, во многом поможет альянсу упрочить позиции на азиатском рынке.'),(139,38,1,'Группа Renault-Nissan в 2011 году продала 8,03 млн автомобилей'),(140,38,2,'11/01/2012'),(141,39,3,'Toyota||гибриды||новинки||Детройт-2012'),(142,39,5,'На автосалоне в Детройте Toyota показала серийную версию гибрида Prius c, прототип которого был продемонстрирован здесь же год назад. Новинка представляет собой пятидверный хэтчбек. Гибридная силовая установка включает 1,5-литровый четырехцилиндровый двигатель и вспомогательный электрический мотор. Их суммарная мощность составляет 99 л.с. – немного, но для данной модели разработчики ставили во главу угла не мощность, а экономичность. Действительно, автомобиль довольно экономичен: расход топлива составляет 4,4 л/100 км в режиме городской езды и 5,1 л/100 км на шоссе. Никель-металлгидридная батарея на 144 вольта позволяет автомобилю проезжать небольшое расстояние (около 1,6 км) на одном электричестве на скорости не выше 40 км/ч.||Салон оснащен автоматическим климат-контролем и 3,5-дюймовым экраном развлекательно-информационной системы, поддерживающей подключение по Bluetooth, USB и iPod. Она может быть заменена на более продвинутую систему Entune с 6,1-дюймовым экраном и GPS-навигацией.|'),(143,39,1,'Toyota представила серийную версию гибрида Prius c'),(144,39,2,'11/01/2012'),(145,40,3,'Mercedes-Benz||spy photo'),(146,40,5,'В интернете появились шпионские фото Mercedes-Benz SLS AMG Black Series. Автомобиль проходит дорожные тексты в жестких условиях: кадры сделаны сделаны неподалеку от границы полярного круга.||Ожидается, что разработчики поместили под капот автомобиля модифицированный 6,3-литровый двигатель V8, мощность которого может достигать 641 л.с. Вероятно, силовая установка будет аналогична той, что была разработана для купе C63 AMG Black Series. В этом случае двигатель будет работать в паре с семиступенчатой автоматической коробкой передач Speedshift MCT. Такая силовая установка позволит автомобилю ускоряться с нуля до 100 км/ч примерно за 3,8 секунды и достигать максимальной скорости в 322 км/ч.||Mercedes-Benz SLS AMG Black Series должен появиться на рынке в будущем году. По неподтвержденным данным, его цена будет начинаться от 260 000 евро.'),(147,40,1,'Mercedes-Benz SLS AMG Black Series засняли во время тестов в лютый мороз'),(148,40,2,'11/01/2012'),(149,41,3,'ДТП'),(150,41,5,'На совершенствование системы оказания медицинской помощи пострадавшим при ДТП в 2012 г. в РФ будет выделено 5 млрд 933 млн 500 тыс. руб. Соответствующее распоряжение правительства РФ от 26 декабря 2011 г., которым установлен порядок предоставления регионам субсидий из федерального бюджета на софинансирование мероприятий, направленных на совершенствование медицинской помощи пострадавшим при ДТП, подписал премьер-министр Владимир Путин.||Как говорится в материалах Министерства здравоохранения и социального развития (Минздравсоцразвития) РФ, в 2012 г. в программу помощи при ДТП был отобран 21 регион РФ.||В 2008-2010 гг. в реализации мероприятий программы принимали участие 49 субъектов РФ, в том числе в 2008 г. – 14, 2009 г. – 13, 2010 г. – 22 субъекта. На эти цели были предусмотрены средства федерального бюджета в объеме 9 млрд 180 млн 200 тыс. руб.||В результате реализации мероприятий по совершенствованию организации медицинской помощи пострадавшим при ДТП планируется снизить смертность '),(151,41,1,'На оказание помощи пострадавшим в ДТП выделят 6 млрд руб.'),(152,41,2,'10/01/2012'),(153,42,3,'АвтоВАЗ||кадры'),(154,42,5,'Бывший директор программы легких грузовых автомобилей Лоран Фофана сменил Паскаля Фелтена на посту директора по качеству ОАО «АвтоВАЗ». Об этом говорится в сообщении пресс-службы компании. Приказ о назначении Л. Фофана подписал президент АвтоВАЗа Игорь Комаров.||Возглавлявший ранее дирекцию по качеству П. Фелтен заканчивает свою работу на АвтоВАЗе в связи с завершением трехлетнего контракта. Он возглавит предприятие по производству крупногабаритных автомобилей в компании Renault.||Л. Фофана с 1994 г. работал в Renault. С 1994 г. по 2000 г. был заместителем директора по производству силовых агрегатов; в 2000-2005 гг. занимал пост директора проекта двигателей (занимался улучшением качества существующих двигателей в сотрудничестве со службами проектирования и производства, а также работал с поставщиками). В 2005-2011 гг. был назначен директором программы легких грузовых автомобилей.'),(155,42,1,'АвтоВАЗ меняет директора по качеству'),(156,42,2,'10/01/2012'),(157,43,3,'Nissan||Juke||спецверсии||кроссоверы'),(158,43,5,'Пока внимание автомобильной общественности сосредоточенно на детройтских новинках, в Брюсселе стартовал свой автосалон. На бельгийском мотор-шоу Nissan впервые показал спецверсию Juke Shiro. Интересно, что название машины переводится с японского как «белый», однако представленный автомобиль выкрашен в черный цвет.||В салоне спецверсии установлена белая центральная консоль, прострочка на черных кожаных сиденьях и руле также белого цвета. Снаружи от стандартного кроссовера Juke спецверсия отличается только колесными дисками темно-серого цвета диаметром 17 дюймов и серебристой отделкой зеркал и дверных ручек.||Недавно Nissan представил «заряженную» версию той же модели – Juke-R. Этот автомобиль получил силовой агрегат, трансмиссию и элементы подвески от суперкара GT-R. Juke-R оснащен 3,8-литровой «шестеркой», выдающей 485 л.с., шестиступенчатой роботизированной трансмиссией, а также полным приводом. «Заряженная» версия способна развивать 100 км/ч уже спустя 3,7 сек. после старта, а максим'),(159,43,1,'Nissan впервые показал «белую» спецверсию Juke Shiro'),(160,43,2,'10/01/2012'),(161,44,3,'мировой автопром||Fiat-Chrysler||Peugeot Citroen'),(162,44,5,'Альянс Fiat-Chrysler рассмотрит возможность объединения с концерном Peugeot Citroen, пишет <a href=\"http://www.ria.ru/\" target=\"_blank\">РИА «Новости»</a> со ссылкой на газету Corriere Della Sera. «Для достижения цели по продажам 6 млн автомобилей в год к 2014 году необходима консолидация автомобильной отрасли в Европе и за ее пределами», – приводит газета слова главы альянса Fiat-Chrysler Серджио Маркионне.||В то же время аналитик компании LMC Automotive Джефф Шустер выразил мнение, что кроме Peugeot Citroen среди претендентов на создание альянса с Fiat-Chrysler могут быть Volvo Car Corp. и Opel.||Напомним, С. Маркионне сообщил, что окончательное слияние группы Fiat с Chrysler будет возможно не ранее 2015 года. По его словам, 2012 год станет очень сложным для Chrysler, а крупные перемены начнутся для компании только в 2013-м. Имя нового генерального директора и преемника С. Маркионне в Chrysler также станет известно не ранее 2015 года.'),(163,44,1,'Альянс Fiat-Chrysler может объединиться с Peugeot Citroen'),(164,44,2,'10/01/2012'),(165,45,3,'Mercedes-Benz||новинки||Детройт-2012'),(166,45,5,'Mercedes-Benz представил более легкую версию родстера SL на автосалоне в Детройте. Новинка на на 55 мм длиннее и на 57 мм шире, чем нынешняя модель SL R230. Тем не менее она на 140 кг легче. Такого результата удалось достичь благодаря тому, что весь кузов выполнен из алюминия. В компании отмечают, что SL шестого поколения больше соответствует своему названию – сокращению от Sport Leicht, «спортивный и легкий».||Родстер выйдет в двух вариантах: SL 350 и SL 500 (в США последний будет выпускаться как SL 550). Вес SL 350 составляет 1685 кг, более мощный SL 500 окажется чуть тяжелее: 1785 кг. Под капотом первой версии окажется двигатель V6 мощностью 306 л.с., а второй достанется V8 мощностью 425 л.с. Оба агрегата устанавливаются в паре с семиступенчатой АКПП. В дальнейшем планируется выпустить версию AMG и, возможно, SL с дизельным мотором.||Особый интерес представляет крыша: стеклянная ее часть может быть изготовлена как из обычного стекла, так и с технологией Magic Sky Control, позволяюще'),(167,45,1,'Mercedes-Benz SL стал на 140 кг легче'),(168,45,2,'10/01/2012'),(169,46,3,'Falcon||F7||суперкары||Детройт-2012'),(170,46,5,'Тюнинговая компания Falcon F7 из Мичигана представила на международном мотор-шоу в Детройте суперкар F7. Отметим, что серийная версия модели дебютировала ровно через год после премьеры концепта Falcon Mach 7.||Установленный на концептуальную версию двигатель Chevrolet V8 LS7 объемом 7 литров был доработан, в том числе получил новый блок управления ECU и впускной коллектор из углепластика. В результате мотор производственного варианта выдает 600 л.с. и 800 Н&#183;м.||Подвеску Falcon F7 позаимствовал у спорткупе Corvette последнего поколения. Кузов машины выполнен из карбона. Вес авто равен 1263 кг.||В салоне установлены спортивные кожаные сиденья, интерьер отделан алюминием.||Производство модели стартует уже в этом году. Всего Falcon планирует выпускать по 20 суперкаров F7 в год. Стоимость машины составит 225 000 долларов.'),(171,46,1,'В Детройте дебютировал суперкар Falcon F7'),(172,46,2,'10/01/2012'),(173,47,3,'АвтоВАЗ||российский авторынок'),(174,47,5,'АвтоВАЗ получил 4 млрд 859 млн 244 тысяч 859 рублей в рамках размещения дополнительной эмиссии акций, которое проводилось с марта 2011 года. Об этом говорится в материалах компании. Акции размещались по закрытой подписке, размещение было завершено 30 декабря 2011 года.||Всего компания разместила 434 173 411 акций номиналом 5 рублей по цене 40,24 руб. Из общего количества бумаг денежными средствами оплачено 120 756 582 акции (28% от общего числа бумаг). Остальные акции оплачены путем зачета денежных требований.||В результате ГК «Ростехнологии» увеличила свой пакет в АвтоВАЗе на 313 416 829 акций. Компания Renault, которой принадлежит 25% акций АвтоВАЗа, по итогам дополнительной эмиссии получила 108 543 355 акций (на 4 млрд 368 млн руб.). ИК «Тройка Диалог» по итогам дополнительной эмиссии приобрела 10 854 335 акций (на 437 млн руб.).||Напомним, основные совладельцы АвтоВАЗа – ГК «Ростехнологии», «Тройка Диалог» и Renault – подписали в июле 2010 г. соглашение об увеличении уставного капи'),(175,47,1,'Дополнительные акции принесли АвтоВАЗу почти 5 млрд рублей'),(176,47,2,'10/01/2012'),(177,48,3,'ДТП'),(178,48,5,'В Нижегородской области полицейский, по вине которого в ДТП погибли двое его коллег, приговорен к трем годам лишения свободы в колонии-поселении. Об этом сообщает следственное управление Следственного комитета РФ по Нижегородской области.||Владимир Лыков, полицейский Дивеевского отдела МВД России, 2 сентября 2011 года ехал на служебном автомобиле ГАЗ-31105 из г. Первомайска в с. Дивеево. На 53-м км автодороги при обгоне другого автомобиля В. Лыков выехал на полосу встречного движения и не справился с управлением. В результате автомобиль врезался в световую опору. Находившиеся в салоне машины пассажиры – начальник полиции отдела МВД РФ «Дивеевский» и начальник одного из отделений – погибли.||Суд признал В. Лыкова виновным по ч. 5 ст. 264 Уголовного кодекса РФ (нарушение лицом, управляющим автомобилем, правил дорожного движения, повлекшее по неосторожности смерть двух лиц).'),(179,48,1,'Полицейский, по вине которого в ДТП погибли двое его коллег, осужден на 3 года'),(180,48,2,'10/01/2012'),(181,49,3,'Linkoln||концепты||новинки||Детройт-2012'),(182,49,5,'На автосалоне в Детройте представили концепт Lincoln MKZ. Стоит отметить, что это первая новинка автопроизводителя с тех пор, как в Ford сообщили о намерении инвестировать миллиард долларов в Lincoln к 2014 году.||Автомобиль получил светодиодные фары, стеклянную крышу и фирменную решетку радиатора в виде крыльев, оставшуюся неизменной с 1938 года, когда вышел классический Lincoln Zephyr.||Салон выполнен в лучших традициях бренда и представляет собой сочетание высоких технологий и роскошных материалов. На передней панели установлен 9-дюймовый сенсорный экран, автомобиль оснащен последней версией коммуникативно-развлекательной системы MyLincoln Touch.||Вице-президент Ford Деррик Кьюзак рассказал, что Lincoln MKZ – не просто новый концепт: он знаменует появление нового бренда. Это первый шаг на пути к возвращению Lincoln.||В продажу новый седан поступит уже в текущем году.'),(183,49,1,'На автосалоне в Детройте представили концепт Linkoln MKZ'),(184,49,2,'10/01/2012'),(185,50,3,'Chevrolet||Code 130R||купе||концепты||Детройт-2012||автосалоны'),(186,50,5,'General Motors делает ставку на молодых покупателей. Привлечь их интерес компания планирует с помощью новой компактной модели с яркой внешностью, которая выйдет под маркой Chevrolet.||На открывшемся в Детройте международном автосалоне компания показала прообраз будущей новинки – концепт-кар Chevrolet Code 130R, который представляет собой четырехместное купе, укомплектованное системой заднего привода. По данным General Motors, серийная версия автомобиля будет потреблять менее 6 л бензина на 100 км пути.||Под капотом Chevrolet Code 130R установлен турбированный четырехцилиндровый двигатель объемом 1,4 л мощностью 150 л.с., крутящий момент которого составляет 200 Н&#183;м. Мотор снабжен системой eAssist, подключающей электричество в случае необходимости. Двигатель может агрегатироваться как с шестиступенчатой механической, так и с шестискоростной автоматической трансмиссиями.||По данным, обнародованным General Motors, стоимость автомобиля составит 25 000 долларов.'),(187,50,1,'Chevrolet готовит купе стоимостью 25 000 долларов'),(188,50,2,'10/01/2012'),(189,51,3,'Москва||дороги'),(190,51,5,'В Москве на пересечении Волгоградского проспекта и Люблинской улицы будет построен тоннель длиной в полкилометра, сообщила сегодня пресс-служба столичной префектуры Юго-Восточного административного округа.||Строительство тоннеля позволит отказаться от светофора на данном участке и повысит пропускную способность. Ширина тоннеля составит около 30 м – предусмотрено по две полосы в каждом направлении. Выезд транспорта с Люблинской улицы в направлении центра будет осуществляться через транспортный узел на пересечении с Волжским бульваром, где также запланировано строительство новых левоповоротных эстакад.||Они призваны в первую очередь разгрузить движение по Волгоградскому проспекту из области и в центр от Волжского бульвара. Ширина эстакад составит 9 м – по две полосы движения в каждом направлении. Строительство еще одной эстакады шириной 9,5 метра позволит отказаться от светофора на участке между Волжским бульваром и Окской улицей.||Кроме того, на участке Волгоградского проспекта от Любли'),(191,51,1,'С пересечения Волгоградского проспекта и Люблинской улицы уберут светофор'),(192,51,2,'10/01/2012'),(193,52,3,'гибриды||новинки||Toyota||Yaris'),(194,52,5,'Toyota рассказала о гибридной версии Yaris. Для того чтобы адаптировать свою фирменную силовую установку под компактный автомобиль, инженерам компании пришлось уменьшить ее в размерах. Гибридный привод для Yaris включает новый бензиновый двигатель объемом 1,5 л. В результате изменений вес установки уменьшился на 20%. Мощность гибридной установки составляет 98 л.с.||Внешний вид гибридного Yaris был доработан, в том числе автомобиль получил новые передний и задний бамперы. Как отметили в Toyota, передний бампер измененного дизайна станет новой визитной карточкой марки.||Мировая премьера Toyota Yaris Hybrid состоится на международном мотор-шоу в Женеве в марте этого года. Вскоре после этого стартуют мировые продажи модели.'),(195,52,1,'Toyota весной запустит продажи гибридного Yaris'),(196,52,2,'10/01/2012'),(197,53,3,'Acura||Детройт-2012'),(198,53,5,'Хотя представленная на автосалоне в Детройте модель Acura RDX нового поколения и названа концептом, можно предположить, что серийная версия будет мало чем отличаться. Ее продажи начнутся уже через несколько месяцев.||Как обещают разработчики, RDX второго поколения станут более комфортными и экономичными. Под капотом новинки – 3,5-литровый V6 мощностью 273 л.с. (на 33 л.с. больше, чем у предыдущего поколения). Несмотря на увеличение мощности, автомобиль потребляет мало топлива: 11,7 л/100 км в городском режиме и всего 8,3 л/100 км на трассе, что делает его самым экономичным в своем классе.||Внедорожник получит шестиступенчатую автоматическую трансмиссию с новой системой полного привода и электроусилитель руля. В комплектацию также войдут система бесключевого доступа, кнопка запуска двигателя, камера заднего вида, навигатор с голосовым управлением, система голосовой отправки SMS, коммуникационная система AcuraLink Satellite, система оповещения о погодных условиях и мультимедийная система'),(199,53,1,'В Детройте представили концепт Acura RDX нового поколения'),(200,53,2,'10/01/2012'),(201,54,3,'Dodge||новинки||Детройт-2012'),(202,54,5,'Dodge официально представил новый Dart на автосалоне в Детройте. Автомобиль, призванный заменить на рынке модель Caliber, появится в продаже уже во втором квартале текущего года.||Новый седан построен на платформе Alfa Romeo Giulietta и отличается высокими аэродинамическими характеристиками.  В линейке его двигателей – 2,0-литровый агрегат Tigershark мощностью 160 л.с., 1,4-литровый турбо MultiAir аналогичной мощности и 2,4-литровый атмосферный MultiAir мощностью 184 л.с.||Салон автомобиля достаточно просторен, приборная панель снабжена подсветкой, а по центру передней панели установлен 8,4-дюймовый сенсорный экран информационно-развлекательной системы.||Цена новинки уже известна: Dart будет стоить от 15 995 долларов.'),(203,54,1,'В Детройте состоялось официальное представление Dodge Dart'),(204,54,2,'10/01/2012'),(205,55,3,'Audi||концепты||Детройт-2012'),(206,55,5,'На автосалоне в Детройте Audi показала концепт на базе своего компактного кроссовера – Q3 Vail. Он назван в честь популярного курорта в штате Колорадо и предназначен для любителей зимних видов спорта. Клиренс у новинки больше, чем у стандартного Q3, а на крыше появились светодиоды для освещения пространства вокруг машины. На дне багажника разместился коврик с подогревом: по словам разработчиков, на него удобно сесть, чтобы переобуться в лыжные ботинки. Автомобиль оснащен целым рядом систем, которые могут быть полезны в экспедициях: датчик высоты, функция определения точных координат, усовершенствованный навигатор MMI Plus, запоминающий пройденный маршрут.||Под капотом «зимнего» кроссовера – 2,5-литровый пятицилиндровый двигатель мощностью 310 л.с., работающий в паре с семиступенчатой трансмиссией S-tronic. Такая силовая установка позволяет автомобилю разгоняться с нуля до 100 км/ч за 5,5 секунд и развивать скорость до 262 км/ч.'),(207,55,1,'Audi показала в Детройте концепт «зимнего» кроссовера'),(208,55,2,'10/01/2012'),(209,56,3,'Москва||дороги||стихия'),(210,56,5,'За последние сутки на снегоплавильные пункты с улиц Москвы поступило 400 тыс. куб. м снега. Как сообщил сегодня журналистам пресс-секретарь заместителя мэра Москвы по вопросам жилищно-коммунального хозяйства и благоустройства Игорь Пергаменщик, с начала зимнего сезона коммунальщики убрали почти 6 млн куб. м снега.||Прошедшей ночью в уборке города было задействовано 7 тыс. единиц техники, в том числе 2,7 тыс. самосвалов. Вечером 9 января, в 22:00, проводилось сплошное прометание проезжей части. Сегодня в 4:00 было проведено повторное прометание дорог и обработка проезжей части реагентами. Всего с начала снегопада, то есть за последние двое суток, в Москве выпало около 12 см снега.||Заместитель мэра Москвы по вопросам жилищно-коммунального хозяйства и благоустройства Петр Бирюков дал поручение городским коммунальным службам продолжить уборку города. Снег будет вывозиться с лотковой части дорог, уборка продолжится на тротуарах, остановках общественного транспорта, подходах к социальным об'),(211,56,1,'За последние сутки с улиц Москвы вывезли 400 тыс. куб. м снега'),(212,56,2,'10/01/2012'),(213,57,3,'Acura||Детройт-2012'),(214,57,5,'Acura представила концепт ILX на автосалоне в Детройте. В компании уже подтвердили, что автомобиль пойдет в серийное производство этой весной. Он будет создан на базе Honda Civic.||Габариты новинки – 4555 мм в длину, 1890 мм в ширину и 1425 мм в высоту при колесной базе 2670 мм. Покупатели смогут выбрать одну из трех силовых установок: 2,0-литровый четырехцилиндровый двигатель с пятиступенчатой АКПП, более мощный 2,4-литровый двигатель с шестиступенчатой механической коробкой передач и экономичную гибридную версию включающую 1,5-литровый двигатель.||Автомобиль будет оснащаться кнопкой зажигания, светодиодными противотуманными фарами, системой опознания голоса, интернет-радио, системой голосовой отправки СМС, камерой заднего вида и аудиосистемой с 10 динамиками.'),(215,57,1,'Концепт Acura ILX станет серийной моделью уже этой весной'),(216,57,2,'10/01/2012'),(217,58,3,'ДТП'),(218,58,5,'В Кишиневе 11 пассажиров троллейбуса, следовавшего по 21-му маршруту, пострадало в ДТП по причине невнимательности водителя. Обстоятельства аварии расследует полиция. По предварительным данным, водитель отвлекся на разговоры с пассажиром или кондуктором и умудрился не заметить, что троллейбус движется прямо на столб.||Всего в троллейбусе ехало около 30 пассажиров. Из них 11 получили травмы различной степени тяжести, девятеро в настоящее время находятся в больнице. Мэр Кишинева Дорин Киртоакэ отметил, что все граждане, пострадавшие в результате данного ДТП, получат материальную помощь. В то же время глава Управления электрического транспорта Кишинева Георгий Моргоч заявил, что водитель, из-за невнимательности которого произошла эта авария, будет уволен, поскольку это уже второе ДТП с его участием за пять месяцев в троллейбусном парке Кишинева.'),(219,58,1,'Водитель троллейбуса отвлекся на разговор и врезался в столб, 11 человек пострадало'),(220,58,2,'10/01/2012'),(221,59,3,'Volkswagen||электрокары||концепты||Детройт-2012'),(222,59,5,'На автосалоне в Детройте Volkswagen представил E-Bugster – концепт электрической версии Beetle последнего поколения. Автомобиль получил двигатель мощностью 114 л.с., питающийся от литиево-ионной батареи весом 315 кг, дающей впечатляющий запас хода: 161 км. При подключении к устройству быстрой подзарядки батарея заряжается на 80% всего за полчаса.||От обычного Beetle концепт E-Bugster отличает новая приборная панель, разработанная специально для электрокаров. Разработчики также дали экологичной новинке светодиодные фары дневного света и 20-дюймовые легкосплавные колесные диски в стиле дисков Fuchs, которыми могут похвастаться многие ретромодели Beetle.||<center><object style=\"height: 390px; width: 640px\"><param name=\"movie\" value=\"http://www.youtube.com/v/j5n7yZn2TME?version=3&feature=player_detailpage\"><param name=\"allowFullScreen\" value=\"true\"><param name=\"allowScriptAccess\" value=\"always\"><embed src=\"http://www.youtube.com/v/j5n7yZn2TME?version=3&feature=player_detailpage\" type=\"appl'),(223,59,1,'Volkswagen представил концепт электромобиля E-Bugster. ВИДЕО'),(224,59,2,'10/01/2012'),(225,60,3,'ДТП'),(226,60,5,'В Свердловской области в результате дорожно-транспортного происшествия получили травмы шесть человек, в том числе трое детей. Об этом сегодня сообщила пресс-служба регионального управления ГИБДД. Установлено, что водитель автомобиля ВАЗ-2115, мужчина 1980 года рождения, не справился с управлением на скользкой дороге. Автомобиль занесло, он выехал на полосу встречного движения и столкнулся с Chevrolet Niva.||В момент ДТП в автомобиле ВАЗ-2115 находилась семья из пяти человек, в том числе два мальчика, восьми и двух лет, и девочка в возрасте 14 лет. Все они получили травмы и были госпитализированы. Водитель Chevrolet Niva также был доставлен в больницу с переломом ноги.||В ГИБДД отмечают, что более трагических последствий удалось избежать благодаря тому, что все дети были пристегнуты ремнями безопасности, а младший находился в детском кресле.'),(227,60,1,'Ремни безопасности и детское кресло спасли жизнь трем детям'),(228,60,2,'10/01/2012'),(229,61,3,'Fiat||Chrysler||мировой авторынок'),(230,61,5,'Слияние группы Fiat с Chrysler будет возможно не ранее 2015 года. Именно такой срок назвал глава Fiat и генеральный директор Chrysler Group LLC Серджио Маркионне в интервью Detroit Free Press. По его словам, 2012 год станет очень сложным для Chrysler, а крупные перемены начнутся для компании только в 2013-м. Имя же нового генерального директора, преемника Маркионне в Chrysler, станет известно не ранее 2015 года.||Напомним, Fiat получил начальные 20% акций и управленческий контроль в Chrysler в 2009 году после процедуры банкротства американской компании. Увеличение доли Fiat в акционерном капитале Chrysler стало результатом достижения американской компанией второго из трех целевых ориентиров, оговоренных в партнерских соглашениях между автоконцернами. Fiat автоматически увеличил долю на 5% после того, как Chrysler достиг накопленной после своего банкротства выручки от продаж за пределами Северной Америки в 1,5 млрд долларов, а также заключил дилерское соглашение. В соответствии с ним, F'),(231,61,1,'Окончательное слияние Fiat и Chrysler произойдет не ранее 2015 года'),(232,61,2,'10/01/2012'),(233,62,5,'Шведский автопроизводитель анонсировал новый XC60 Plug-in Hybrid, который будет продемонстрирован широкой публике на грядущем автосалоне в Детройте.||Основным мотором кроссовера станет турбированный бензиновый агрегат объемом 2,0 л и мощностью 280 л.с., весь момент которого будет передаваться на переднюю ось. Помимо ДВС, на XC60 Plug-in Hybrid будет установлен и 70-сильный электромотор, который будет отвечать за вращение задних колес. Сообщается, что силовая установка будет иметь три режима работы: Pure, Hybrid и Power.||В первом режиме автомобиль будет передвигаться только благодаря электромотору. Подобный вариант езды позволит преодолеть не более 56 километров пути без подзарядки. Что касается режима Hybrid, то здесь XC60 способен проехать на одной заправке до 960 километров, при этом средний расход топлива составит около 2,3 л на сто километров. Третий режим Power предлагает задействовать всю мощность кроссовера, обеспечивая динамичный разгон с нуля до сотни всего за 6,1 сек.'),(234,62,1,'Volvo анонсировала гибридный XC60'),(235,62,2,'08/01/2012'),(236,63,5,'В Истринском районе Подмосковья произошла серьезная авария, в результате которой один человек погиб, еще трое получили серьезные травмы. На 40-м километре Новорижского шоссе в районе часа ночи столкнулись восемь легковых машин и один грузовик. По некоторой информации, в аварию попали Volkswagen Polo, Toyota Camry, грузовой автомобиль Renault Clio, BMW X3, Citroen С5, Range Rover, KIA cee’d, Honda Civic и Honda Accord.||В результате сильного удара один из водителей легкового автомобиля – 27-летний мужчина – скончался по дороге в больницу. Еще три человека получили тяжелые травмы, состояние одного из них врачи оценивают как тяжелое.||До сих пор на месте аварии работают сотрудники полиции, которые пытаются установить причины серьезного ДТП. По неофициальной информации, столкновение могло произойти из-за неправильного выбора скоростного режима водителем одной из иномарок.'),(237,63,1,'На Новорижском шоссе в ДТП попали сразу девять автомобилей'),(238,63,2,'08/01/2012'),(239,64,5,'В Ростовской области выдвинут законопроект, согласно которому подрядчики будут отвечать за каждый участок плохо отремонтированных дорог денежной компенсацией, сообщает <a href=\"http://donnews.ru\" target=\"_blank\">«DonNews»</a>. Кроме того, планируется наложить ответственность на дорожников и за ДТП, которые произойдут из-за плохого состояния дорожного полотна. Источник сообщает, что законопроект будет рассмотрен уже на ближайшем заседании правительства Ростовской области.||Примечательно, что штраф будут взимать не за всю плохо отремонтированную дорогу, а за каждый ее километр, где будут обнаружены дефекты после проведения дорожных работ. Планируется, что данная система штрафов заставит подрядчика более добросовестно относиться к работе.||Кроме того, в проекте будут зафиксированы суммы, необходимые для ремонта дорог области. Сообщается, что капитальный ремонт километра дороги областного значения будет стоить 13,698 млн рублей. На обычный ремонт километра дороги будут расходовать не более'),(240,64,1,'Правительство Ростовской обл.  будет штрафовать подрядчика за плохие дороги'),(241,64,2,'08/01/2012'),(242,65,3,'BMW||CUV||новинки||мировой авторынок'),(243,65,5,'В BMW сообщили о намерении за ближайшие три года инвестировать 990 млн долларов в завод в Спартанбурге, Южная Каролина, что позволит выпустить до 350 000 автомобилей ежегодно. Эксперты компании прогнозируют увеличение спроса на кроссоверы в ближайшие годы, и BMW рассчитывает увеличить свое присутствие на этом рынке: в Спартанбурге производятся Х3, Х5 и Х6.||В компании также сообщили, что серийное производство кроссовера X4 будет запущено на этом же заводе. Четырехместный кроссовер займет место в линейке между X3 и X6. Он появится в продаже в 2014 году. ||Стоит отметить, что в настоящее время 70% автомобилей, произведенных на заводе в Спартанбурге, идет на экспорт.'),(244,65,1,'BMW делает ставку на кроссоверы'),(245,65,2,'13/01/2012'),(246,66,3,'BMW'),(247,66,5,'BMW представила две модификации купе и кабриолета 1-й серии. В модификации Edition Exclusive автомобиль получил хромированную решетку радиатора, матированную серебристую отделку зеркал и шесть вариантов окраски кузова. В салоне появились кожаные кресла Boston и спортивный руль. Для этой модификации доступны два варианта отделки салона алюминием или деревом.||Edition Sport получил спортивный тюнинг-пакет от BMW M, блестящую черную решетку радиатора и эксклюзивную окраску черный металлик. Стоит отметить спортивную настройку подвески и два комплекта легкосплавных колесных дисков на выбор: 17- и 18-дюймовые. Рулевое колесо – еще одна разработка BMW M. Помимо него дизайнеры добавили стальные педали и алюминиевую отделку салона, а также уникальные коврики и контрастную синюю прострочку на обшивке кресел.'),(248,66,1,'BMW представила две модификации купе и кабриолета 1-й серии'),(249,66,2,'13/01/2012'),(250,67,3,'ГИБДД-ГАИ||криминал'),(251,67,5,'В ночь с 12 на 13 января в Москве произошло необычное ограбление. Как передает пресс-служба столичного ГУ МВД России, пострадавшая от грабителей женщина позвонила в участок и сообщила, что ее только что ограбили на Краснопресненской набережной. По ее словам, мужчина в светоотражающем жилете с надписью ДПС остановил ее Peugeot и попросил открыть багажник. Она вышла из автомобиля, и тут внезапно появившийся второй мужчина кавказской внешности залез в салон через незакрытую дверь, схватил сумку и бросился бежать. Лжегаишник бросился догонять похитителя, после чего женщина их больше не видела.||В украденной сумке находились два сотовых телефона и личные документы владелицы. Пострадавшая оценила материальный ущерб в 10 500 тысяч рублей. По факту кражи возбуждено уголовное дело в соответствии с ч. 2 ст. 161 УК РФ (грабеж, совершенный группой лиц по предварительному сговору). Максимальное наказание по этой статье – семь лет лишения свободы со штрафом до десяти тысяч рублей.'),(252,67,1,'Мошенник ограбил москвичку, прикинувшись гаишником'),(253,67,2,'13/01/2012'),(254,68,3,'Москва'),(255,68,5,'В Москве все масштабнее разворачиваются работы по созданию новой велотранспортной инфраструктуры. Как сообщает пресс-служба Центрального административного округа столицы, управы десяти районов округа внесли предложения по размещению новых велодорожек и велосипедных парковок около объектов социальной сферы – предприятий общественного питания, развлекательных и культурных центров, а также крупных торговых комплексов. Учитывается также возможность строительства велодорожных трасс в рамках реконструкции столичных вылетных магистралей.||«Мы последовательно создаем условия для активного отдыха жителей и гостей центра Москвы. В теплый сезон на велосипеде можно не только кататься для здоровья в парках, скверах и на стадионах, но и достаточно удобно пересекать небольшие расстояния, не стоя при этом в пробках, – отметил префект Центрального округа Сергей Байдаков. – Создавая новые спортивные объекты и дополнительные возможности для временного хранения велотранспорта, мы хотим повысить качество ж'),(256,68,1,'Власти Москвы выступают за велотранспорт'),(257,68,2,'13/01/2012'),(258,69,3,'MINI||spy photo'),(259,69,5,'В интернете появились шпионские фото нового MINI Cooper. Прототип автомобиля, который должен появиться на рынке в 2013 году, проходит дорожные тесты в Европе. Несмотря на основательный камуфляж, можно рассмотреть, что новое поколение MINI Cooper порядком отличается от предыдущего обводами кузова, массивной решеткой радиатора и углом наклона лобового стекла.||В салоне можно рассмотреть некоторые детали из линеек BMW. Впрочем, вряд ли они будут перенесены в серийную версию модели: до сих пор в компании не было подобной практики.||Напомним, ранее сообщалось, что MINI Cooper следующего поколения получит новую платформу с передним приводом. Габариты автомобиля будут несколько больше, чем у последней версии модели. В компании пока не уточняли технических характеристик будущей новинки, но можно предположить, что линейка двигателей будет аналогична линейке BMW 1-й серии: 1,5-литровый трехцилиндровый мотор, 1,6-литровый четырехцилиндровый турбо и 2,0-литровый четырехцилиндровый агрегат.'),(260,69,1,'В интернете появились шпионские фото нового MINI Cooper'),(261,69,2,'13/01/2012'),(262,70,3,'Москва||дороги'),(263,70,5,'В Москве в ближайшее время будут подведены итоги торгов по реконструкции Можайского шоссе, Волгоградского и Рязанского проспектов. На первые два лота (реконструкция Можайского шоссе и Волгоградского проспекта) претендуют по две компании, на участие в торгах по третьему лоту подано три заявки. Начальная (максимальная) цена контракта на выполнение подрядных работ по Можайскому шоссе составляет 10,9 млрд рублей, по Волгоградскому проспекту – 4,7 млрд рублей, по Рязанскому проспекту – 9,5 млрд рублей. Срок проведения работ жестко ограничен: реконструкция должна длиться не более 24 месяцев.||Напомним, столичный департамент по конкурентной политике ранее объявил открытый конкурс на выполнение подрядных работ по реконструкции Можайского шоссе, Волгоградского и Рязанского проспектов. В настоящее время межведомственная городская конкурсная комиссия проводит рассмотрение поступивших заявок. Государственным заказчиком по торгам выступает департамент строительства Москвы.||В соответствии с проекта'),(264,70,1,'В Москве подводят итоги торгов по реконструкции трех вылетных магистралей'),(265,70,2,'13/01/2012'),(266,71,3,'Volkswagen||российский авторынок||статистика'),(267,71,5,'По итогам 2011 года продажи легковых автомобилей Volkswagen в России выросли в 2 раза и составили 118 тыс. 3 единицы. Как сообщила пресс-служба российского представительства компании, доля рынка легковых автомобилей марки Volkswagen также выросла и составила 4,8% (против 3,4% в 2010 году).||Лидером продаж ушедшего года стала модель Polo в кузове седан: за год был продан 47 491 автомобиль (против 7710 машин в 2010-м, когда данная модель только появилась на российском рынке). Автомобилей Tiguan в 2011 году было продано 18 385 штук (+40,7% к показателям 2010-го), Golf – 13 281 автомобиль (в 2 раза больше по сравнению с 2010 годом). За 2011-й было также продано 4893 Golf Plus, что на 86% больше прошлогодних показателей (2633 автомобиля).||Продажи модели Passat нового поколения, которая была представлена на российском рынке в мае 2011 года, составили 9911 экземпляров, а продажи Jetta нового поколения (поступила на российский рынок в сентябре 2011-го) составили 3094 автомобиля.||Дилерская се'),(268,71,1,'Продажи Volkswagen на российском рынке выросли в 2 раза'),(269,71,2,'13/01/2012'),(270,72,3,'криминал||регионы'),(271,72,5,'В Челябинской области задержаны участники организованной преступной группы, на счету которой разбойные нападения и убийства водителей большегрузного транспорта и автомобилистов, занимающихся частным извозом. Как сообщает пресс-служба Главного управления МВД России по Челябинской области, группа, состоящая из жителей региона – мужчин в возрасте от 20 до 43 лет, была хорошо вооружена и отличалась сплоченностью.||«Сотрудники полиции изъяли три пистолета, боеприпасы, холодное оружие, камуфлированную форму. Цель нападений – завладение автотранспортным средством и имуществом потерпевших», – говорится в сообщении.||В результате проведения оперативно-розыскных мероприятий были установлены места захоронения потерпевших, а также обнаружены фрагменты и комплектующие похищенных автомобилей.'),(272,72,1,'В Челябинской обл. поймана банда, убивавшая автомобилистов'),(273,72,2,'12/01/2012'),(274,73,3,'BMW||промсборка||Автотор'),(275,73,5,'BMW намерен выпустить на заводе «Автотор» в Калининграде по итогам 2012 г. более 20 000 автомобилей. Об этом сообщил журналистам президент российского подразделения BMW Петер Кроншнабель. «В 2012 г. мы планируем собрать на «Автоторе» более 20 000 автомобилей», – сказал он, отметив, что в 2011 г. было собрано 17 000 машин.||П. Кроншнабель отметил, что продажи автомобилей группы BMW на российском рынке в 2012 г. могут вырасти с 30 167 автомобилей в 2011 г. до 33 000 штук (+9,4%).||При этом он отказался комментировать планы по возможности создания нового производства полного цикла в Калининградской области совместно с «Автотором». Ранее, в сентябре 2011 г., директор по развитию завода Александр Сорокин сообщал, что стороны подписали меморандум о реализации проекта по созданию полного цикла производства автомобилей BMW. Общие инвестиции оценивались в 200 млн евро, мощности могут составить 80 000 автомобилей в год.'),(276,73,1,'BMW планирует собрать в России за год 20 000 автомобилей'),(277,73,2,'12/01/2012'),(278,74,3,'ДТП||регионы'),(279,74,5,'Водитель «Газели», насмерть сбивший на пешеходном переходе школьницу, задержан. Как сообщает региональное управление Министерства внутренних дел РФ, трагедия произошла в Абакане (Республика Хакасия) сегодня, 13 января, на перекрестке улицы Дружбы Народов с улицей Кати Перекрещенко. Три школьницы, учащиеся пятого класса, переходили дорогу на зеленый свет светофора по пешеходному переходу. В это время двигавшаяся в сторону аэропорта по маршруту Абакан – Черногорск пассажирская «Газель» сбила одну из них.||От полученных травм девочка скончалась на месте. Остальные школьницы не пострадали, но пребывают в шоковом состоянии. По данным ведомства, девочки переходили дорогу по правилам, а микроавтобус проехал на запрещающий сигнал светофора. В настоящее время 30-летний водитель задержан, из «Газели» изъята флеш-карта видеорегистратора, решается вопрос о возбуждении уголовного дела. В сообщении отмечается, что погибшая школьница – дочь сотрудника дежурной части республиканского управления МВД.'),(280,74,1,'Водитель «Газели» насмерть сбил пятиклассницу, переходившую улицу на зеленый свет'),(281,74,2,'13/01/2012'),(282,75,3,'статистика||мировой авторынок||российский авторынок'),(283,75,5,'Импорт легковых автомобилей в РФ за 11 месяцев 2011 года вырос на 45,57% по сравнению с аналогичным периодом предыдущего года и составил 901 500 автомобилей. Об этом сообщили в Федеральной таможенной службе (ФТС) России.||За отчетный период в РФ было ввезено легковых автомобилей на 17 млрд 51,6 млн долларов, в том числе 775 900 автомобилей на 16 млрд 227,3 млн долларов из стран дальнего зарубежья и 125 600 автомобилей на 824,3 млн долларов из стран СНГ.||Экспорт легковых автомобилей из РФ в январе-ноябре 2011 года также увеличился на 45,8% и составил 57 тысяч единиц на 430,3 млн долларов. В том числе в страны дальнего зарубежья было экспортировано 5700 автомобилей на сумму 49,6 млн долларов, в страны СНГ – 51 300 машин на 380,7 млн долларов.'),(284,75,1,'Импорт и экспорт легковых автомобилей в России выросли почти на 50%'),(285,75,2,'13/01/2012'),(286,76,3,'Volkswagen||отзывы'),(287,76,5,'Volkswagen сообщил, что объявленный ранее отзыв автомобилей с 2,0-литровым дизельным двигателем коснется 300 тысяч автомобилей. Напомним, в октябре американское подразделение автоконцерна заявило об отзыве 168 275 автомобилей Golf, Jetta и Audi A3 из-за обнаруженного риска утечки топлива, которое может вызвать возгорание двигателя. ||Как указано на сайте Национального управления безопасностью движения на трассах США (NHTSA), шланг впрыска этого дизельного двигателя подвержен появлению микротрещин, которых при некоторых обстоятельствах может быть достаточно для утечки топлива. Случаев возгорания по причине этого брака не зарегистрировано, но Volkswagen произведет замену шланга и установит гасители колебаний.'),(288,76,1,'Volkswagen отзывает 300 тысяч автомобилей из-за риска возгорания двигателя'),(289,76,2,'17/01/2012'),(290,77,3,'BMW||отзывы'),(291,77,5,'BMW начинает отзыв 235,5 тысяч автомобилей принадлежащей ей марки MINI по всему миру. Причина отзыва - опасность возгорания: обнаруженные в системе электроники автомобиля неполадки приводят к чрезмерному нагреванию печатных плат в системе дополнительного охлаждения, передает Reuters. Автопроизводитель признает: известен как минимум один случай подобного возгорания. К счастью, никто не пострадал.||В список «пожароопасных» автомобилей попали модели MINI Cooper, Cooper S, Clubman, Cooper JCW, Countryman и Convertible. Большая часть автомобилей - около 89 тысяч - будет отозвана в США, на втором месте оказалась Германия – здесь отзыву подлежат еще 22 тысячи авто. Предполагается, что первая партия автомобилей будет отозвана уже в феврале 2012 года. '),(292,77,1,'BMW отзывает 235,5 тысяч автомобилей MINI по всему миру'),(293,77,2,'17/01/2012'),(294,78,3,'ДТП'),(295,78,5,'Во Владивостоке шестиколесный длинномер протаранил четыре легковых автомобиля. ДТП произошло на улице Шефнера. К настоящее время сотрудники ГИБДД расследуют причины аварии. По всей видимости, у 10-тонного грузовика отказали тормоза.||Грузовик, везущий стройматериалы, почти спустился на Светланскую, но не сумел остановиться на крутом спуске. В это время внизу на светофоре остановились четыре легковых автомобиля. Большегруз налетел на них и вывернул вправо на тротуар, где ему, наконец, удалось остановиться.||О пострадавших не сообщается, погибших, по-видимому, нет. Существует угроза возникновения затруднений в движении автотранспорта во всем районе, если автомобили не будут убраны с проезжей части в ближайшее время.'),(296,78,1,'Десятитонный грузовик протаранил 4 автомобиля, не сумев затормозить на спуске'),(297,78,2,'17/01/2012'),(298,79,3,'курьезы||угоны'),(299,79,5,'В Китае преступник пытался угнать автомобиль на загруженной трассе, полицейским пришлось догонять горе-угонщика бегом. На видеозаписи, запечатлевшей инцидент, видно, как двое полицейских пытаются догнать бегом машину. После того, как угонщик попадает в затор, сотрудники полиции настигают его и вместе с другими участниками дорожного движения окружают автомобиль. Тогда преступник сдает назад, сбивает одного из мотоциклистов и продолжает попытки скрыться.||Далее злоумышленник пытается на авто протиснуться сквозь ряды машин, таранит несколько транспортных средств, делает еще несколько попыток сбежать, но в итоге останавливается.||Сообщается, что всего в результате инцидента пострадали 13 автомобилей.'),(300,79,1,'Преступник пытался угнать автомобиль в пробке'),(301,79,2,'17/01/2012'),(302,80,3,'Fiat||Петербург||заводы'),(303,80,5,'Строительство завода Fiat в России может быть завершено через полтора-два года, сообщил на пресс-конференции директор департамента особых экономических зон и проектного финансирования Министерства экономического развития РФ Дмитрий Левченков. \"По практике строительство идет около 1,5-2 лет, если сравнивать с другими проектами, которые реализуются в России последние 5-6 лет\", - сказал Д. Левченков. \"Если компания приступит к строительству предприятия в этом году, то через полтора-два года\", - ответил он на вопрос журналистов, к какому году строительство завода будет завершено, напомнив, что в качестве площадки для производства Fiat выбрал Санкт-Петербург.||По словам Д. Левченкова, окончательный модельный ряд Fiat, производимых в Санкт-Петербурге, еще будет уточняться.||Напомним, меморандум о строительстве завода Fiat в Санкт-Петербурге планируется подписать до конца I квартала 2012 г. Об этом cообщил председатель комитета по инвестициям и стратегическим проектам Санкт-Петербурга Алексей'),(304,80,1,'Завод Fiat в России может быть построен за полтора-два года'),(305,80,2,'16/01/2012'),(306,81,3,'Москва||дороги'),(307,81,5,'Подготовлен проект единой концепции цветочного оформления Московской кольцевой автодороги, сообщает пресс-служба государственного учреждения \"Мосзеленхоз\". На территории МКАД в оперативном управлении \"Мосзеленхоза\" находится свыше 1,5 га цветников, общая площадь цветочного оформления составляет 16 231 кв. м.||В 2011 году по инициативе \"Мосзеленхоза\" был проведен анализ состояния цветников на всей территории МКАД, который показал неудовлетворительный уровень цветочного оформления. В результате \"Мосзеленхоз\" занялся разработкой концепции цветочного оформления в едином стилевом и композиционном решении. На сегодняшний день уже подготовлены эскизные варианты оформления различных типов цветников в зависимости от смысловой нагрузки: цветники-надписи для размещения на некрутых откосах; типовые цветники для размещения на плоскостных озелененных территориях развязок и съездов со МКАД; цветники-символы федеральных трасс для размещения на откосах при выездах со МКАД на автомагистраль.||В 2012г. н'),(308,81,1,'В 2012 году МКАД получит новое цветочное оформление в едином стиле'),(309,81,2,'16/01/2012'),(310,82,3,'Lexus||GS||цены||седаны||новинки'),(311,82,5,'Lexus объявляет российские цены на седан GS четвертого поколения. Стоимость модели начинается от 1 730 000 рублей. В России автомобиль доступен с двумя двигателями, задним или полным приводом и в пяти комплектациях.  ||Уже в базовой комплектации на GS устанавливаются светодиодные ходовые огни, биксеноновые фары с автоматической корректировкой угла наклона, 10 подушек безопасности, камера заднего вида с динамической разметкой, системы курсовой устойчивости (VSC) и интегрированного управления динамикой автомобиля (VDIM) с селектором выбора режимов движения, а также AUX-, USB- или Bluetooth-интерфейсы.||В первом полугодии 2012 года Lexus GS будет представлен на российском рынке двумя моделями: GS 250 с задним приводом и полноприводным GS 350 AWD. Обе модели доступны также в версии F-Sport.||Lexus GS 250 оснащен экономичным бензиновым 2,5-литровым V6 Dual VVTi мощностью 209 л.с. Устанавливаемый на GS 350 AWD 3,5-литровый V6 развивает мощность 317 л.с. Обе версии комплектуются 6-ступенчат'),(312,82,1,'Lexus объявляет российские цены на новый седан GS'),(313,82,2,'16/01/2012'),(314,83,3,'бензин||статистика'),(315,83,5,'Объем производства бензина в РФ за первую неделю 2012 года (со 2 по 8 января) снизился на 7,8% по сравнению с предыдущей неделей и составил 691 тысяч тонн, сообщает Федеральная служба государственной статистики РФ (Росстат). При этом выпуск дизельного топлива сократился на 0,1% - до 1,332 млн тонн.||Производство бензина в Москве снизилось по сравнению с предыдущей неделей на 22,3%, дизтоплива - на 57,5%. В Ленинградской области производство бензина выросло на 17,3%, дизтоплива снизилось на 2%. Абсолютные показатели Росстат не приводит.||В ноябре 2011г. в РФ было произведено 3,016 млн т бензина, что на 0,8% меньше по сравнению с предыдущим месяцем и на 0,7% больше по сравнению с ноябрем 2010г. Объем производства дизтоплива в ноябре 2011г. составил 5,606 млн т, увеличившись на 1,6% по сравнению с предыдущим месяцем и сократившись на 2,4% против показателя аналогичного периода прошлого года.'),(316,83,1,'За первую неделю 2012 года объем производства бензина упал почти на 8%'),(317,83,2,'16/01/2012'),(318,84,3,'ДТП||пьянство за рулем'),(319,84,5,'В Волгоградской области возбуждено уголовное дело в отношении заместителя начальника полиции по охране общественного порядка районного отдела МВД по области, сбившего четверых пешеходов. ||В минувшую субботу, 14 января, находившийся в состоянии алкогольного опьянения майор полиции за рулем личного автомобиля не справился с управлением и сбил пешеходов, двигавшихся в попутном ему направлении по краю проезжей части. В результате четыре человека получили травмы различной степени тяжести. \"Одна из пострадавших - 57-летняя женщина - от полученных травм скончалась в реанимационном отделении больницы\", - говорится в сообщении пресс-службы областного МВД.||Полицейскому инкриминируется ч.4 ст.264 Уголовного кодекса РФ (нарушение правил дорожного движения и эксплуатации транспортных средств, совершенное лицом, находящимся в состоянии опьянения, повлекшее по неосторожности смерть человека).'),(320,84,1,'Пьяный полицейский на автомобиле сбил четырех шедших по тротуару пешеходов'),(321,84,2,'16/01/2012'),(322,85,3,'KIA||новинки||россиский автопром||российский авторынок'),(323,85,5,'Сегодня, 16 января 2012 года в России сошел с конвейера первый KIA Rio в кузове хетчбэк. Производство стартовало на заводе «Хендэ Мотор Мануфактуринг Рус» под Санкт-Петербургом. ||Как отмечают в компании, новый Rio хетчбэк отличается спортивным экстерьером, он более компактный и маневренный по сравнению с седаном этой модели. При этом его салон остался таким же просторным, ведь колесная база у обеих версий автомобиля одна и та же.||Покупатели Rio в кузове хетчбэк смогут выбрать один из двух двигателей объемом 1,4 или 1,6 литра и механическую либо автоматическую коробку передач. К доступным для КIA Rio опциям в ближайшее время прибавятся навигаторы, которые можно будет установить в официальных дилерских центрах KIA.'),(324,85,1,'В России началось производство нового KIA Rio в кузове хетчбэк'),(325,85,2,'16/01/2012'),(326,86,3,'российский авторынок||автокредиты'),(327,86,5,'В 2011 году в России было выдано более 263 тысяч льготных автокредитов. Именно такую цифру называет Минпромторг. В начале года предполагалось, что за год объем кредитов составит 200 тысяч. Еще осенью министерство скорректировало прогноз до 250 тысяч. Стоит отметить, что всего за год было подано 582,5 тысяч заявок.||По оценкам агентства «Автостат», более 10% проданных в России автомобилей были куплены по льготному кредитованию. Субсидированные государством автокредиты составляют более 30% всех автокредитов в стране.||Напомним, в 2010 году по рассмотрении 354,5 тысяч заявок было выдано 165 708 льготных автокредитов, а в 2009 в 2,3 раза меньше - всего 71,5 тысяч. Таким образом, за время существования программы льготного кредитования субсидированные кредиты на автомобили получило более 500 тысяч автолюбителей.'),(328,86,1,'За 2011 год 263 тысяч россиян получили льготные автокредиты '),(329,86,2,'16/01/2012'),(330,87,3,'статистика продаж автомобилей||российский авторынок'),(331,87,5,'В России в 2011 г. было продано более 2,5 млн новых легковых автомобилей, что примерно на 41% больше, чем в 2010 г. Об этом сообщил директор департамента особых экономических зон и проектного финансирования Министерства экономического развития (МЭР) РФ Дмитрий Левченков. При этом он подчеркнул, что данный прогноз является его экспертной оценкой. ||Д. Левченков напомнил, что по итогам 11 месяцев 2011 г. Россия заняла второе место в Европе после Германии по объему продаж новых легковых автомобилей (2 млн 247 тыс. машин).||Д. Левченков отметил, что 70% всех проданных автомобилей произведено в России. При этом объем производства в режиме промышленной сборки вырос по сравнению с показателем предыдущего года на 91% и превысил 700 тыс. автомобилей.||Также Д. Левченков сообщил, что к концу 2012 г. продажи легковых автомобилей в РФ могут составить 2,6-2,8 млн единиц, а через пять лет - вырасти до 3,5 млн машин.'),(332,87,1,'За прошлый год в России продали 2,5 млн автомобилей'),(333,87,2,'16/01/2012'),(334,88,3,'бензин||статистика||цены'),(335,88,5,'Потребительские цены на автомобильный бензин за период со 2 по 9 января 2012 года в среднем по России снизились на 0,1% и на 10 января составили 27 руб./л., сообщает Федеральная служба государственной статистики (Росстат) РФ.||Цена бензина марки Аи-92 уменьшилась на 0,1% - до 26,32 руб./л, марки Аи-95 - также на 0,1% - до 28,35 руб./л. Цену на бензин марки А-76 Росстат не приводит. Цены на дизельное топливо выросли на 0,1% - до 27,84 руб./л. Средняя цена рассчитана исходя из цен на марки бензина, включенные в наблюдение в 2012 году, пояснили в ведомстве.||Удешевление бензина было зафиксировано в 29 центрах субъектов Российской Федерации, в том числе в Брянске и Белгороде - на 1,0%. В 39 центрах субъектов РФ цены на бензин остались на уровне предыдущей недели. Увеличение средних цен на бензин зарегистрировано в 15 центрах регионах. Наиболее существенно они выросли в Южно-Сахалинске и Кургане - на 2,0% и 1,8% соответственно. В Москве цены на бензин в среднем за неделю снизились на 0,2% -'),(336,88,1,'За первую неделю января цены на бензин снизились на 0,1%'),(337,88,2,'16/01/2012'),(338,89,3,'ДТП'),(339,89,5,'В минувшее воскресенье, 15 января, в Пензенскной области на сложном участке дороги столкнулись шесть автомобилей. Об этом сообщает Главное управление МЧС по Пензенской области.||ДТП произошло в 10:13 мск на 15 километре автодороги Пенза-Шемышейка. Этот  участок дороги отличается сложным рельефом с крутым спуском и подъемом. Всего в пяти автомобилях – «Ниве», Renout Logan и трех «Жигулях» (ВАЗ-2112, ВАЗ-2110 и ВАЗ-2109) находилось 23 человека. Семь из них получили ранения. ||Трое, получив медицинскую помощь на месте происшествия, отказались от госпитализации, четверо же были доставлены в Пензу в Городскую клиническую больницу скорой медицинской помощи N6 им. Г.А.Захарьина. Один из этих четырех смог уйти домой в тот же день, жизни троих оставшихся госпитализированных вне опасности.'),(340,89,1,'Пять автомобилей столкнулись на сложном участке дороги, пострадали 7 человек '),(341,89,2,'16/01/2012'),(342,90,3,'Honda||промсборка||заводы||автопроизводство'),(343,90,5,'Honda возобновила переговоры по строительству завода в России. Соглашение может быть заключено на альтернативных старому режиму промсборки условиях, пишет РИА Новости со ссылкой на директора департамента особых экономических зон и проектного финансирования Минэкономразвития Дмитрия Левченкова. ||\"В прошлом году переговоры возобновились\", - сказал он, отметив, что соглашение уже не будет заключено по старому режиму промсборки. По словам Д. Левченкова, будут использованы другие альтернативные варианты, как, например, таможенные льготы или создание инфраструктуры.||Осенью прошлого года появилась информация о том, что Honda планирует организовать в РФ производство автомобилей полного цикла на условиях старого режима промсборки. Старый режим промсборки подразумевал локализацию производства компонентов в объеме 30%. Новый режим промсборки, вступивший в силу в феврале 2011 года, предполагает повышение уровня локализации до 60%, а также выход производства через несколько лет на мощность 300 00'),(344,90,1,'Honda может запустить в России производство полного цикла'),(345,90,2,'16/01/2012'),(346,91,3,'Maybach||Bentley||luxury'),(347,91,5,'Bentley хочет переманить клиентов Maybach, в том числе короля Испании Хуана Карлоса, актера Самуэля Джексона и хип-хоп-исполнителя Jay-Z. Британский автопроизводитель рассылает письма VIP-клиентам Maybach с целью убедить их покупать его автомобили. ||Применить подобную тактику в Bentley решили после того, как стало известно о том, что Daimler AG собирается ликвидировать свой премиальный бренд. \"Уход Maybach с рынка открывает возможность для нас, и мы собираемся ее использовать\", - заявил глава британской марки Вольфганг Дюрхаймер. По его словам, некоторые состоятельные клиенты уже ответили, причем положительно. ||Напомним, в ноябре 2011 года Daimler заявил о преркащении производства автомобилей под брендом Maybach. '),(348,91,1,'Bentley пытается соблазнить клиентов Maybach'),(349,91,2,'16/01/2012'),(350,92,3,'Mercedes-Benz||полиция'),(351,92,5,'Центр специального назначения в области безопасности дорожного движения УВД России получил тринадцать автомобилей Mercedes-Benz E 350 4MATIC. Передача машин состоялась на территории Центра специального назначения БДД УВД России в поселке Чулково Московской области. Сотрудники гарантийного автосервиса ЗАО «Мерседес-Бенц РУС», российского подразделения компании Daimler AG,  установили на автомобили полицейское оборудование. Кроме того, еще три автомобиля Mercedes-Benz E 350 4MATIC были переданы УГИБДД МВД по Владимирской области. ||Стоит отметить, что автомобили Е-Класса отлично зарекомендовали себя на российском рынке. Модель E 350 4MATIC, оснащенная самыми современными системами активной и пассивной безопасности, несомненно, будет с успехом нести службу в полиции.'),(352,92,1,'Mercedes-Benz E350 будут нести службу в Центре специального назначения  УВД России'),(353,92,2,'16/01/2012'),(354,93,3,'Opel'),(355,93,5,'Opel предложил европейским студентам, обучающимся любому виду дизайна, придумать облик автомобиля Ampera версии 2020 года. Желающие поучаствовать про в проекте должны предложить дизайн как внешнего вида авто, так и салона, при создании обоих следует учитывать предложенную брэндом тему слияния скульптурного изящества с немецкой точностью. В компании также поощряют максимально подробное описание высокотехнологичных систем, которые должны, по мнению студентов, появиться в этом электромобиле будущего.||Вице-президент Европейского дизайнерского бюро General Motors Марк Адамс рассказал, что в компании с большим энтузиазмом ожидают возможности ознакомиться с предложенными работами и считают, что активный фидбэк от представителей молодого поколения поможет выбрать правильное направление. Предложивший лучший дизайн студент сможет пройти стажировку в компании.'),(356,93,1,'Opel предложил студентам придумать дизайн автомобиля будущего'),(357,93,2,'16/01/2012'),(358,94,3,'ДТП'),(359,94,5,'В Краснодарском крае произошло крупное ДТП, в котором погибли два сотрудника ДПС из Чечни. Как сообщает пресс-служба следственного управления Следственного комитета РФ по республике, авария произошла сегодня на трассе \"Дон\" (М4) в районе села Раздольное. Полицейские ехали в командировку из Чечни в Ростов-на-Дону на служебном автомобиле Lada Priora.||В районе Невинномысска на дороге рядом с ними оказался автомобиль Toyota Land Cruiser. Какое-то время они ехали бок о бок, затем водитель Toyota обогнал машину полиции и на большой скорости продолжил движение. При этом на расстоянии 17 км от станицы Кущевской на трассе из-за ДТП уже имелось скопление автомобилей, на которых были включены огни аварийной остановки. Не сумев вовремя остановиться, водитель машины Toyota выехал на обочину и, не справившись с управлением, столкнулся с КАМАЗом. Между тем водитель служебного автомобиля полиции также не успел остановить машину и столкнулся с другим автомобилем. От удара прицеп грузовой машины сдвину'),(360,94,1,'Два сотрудника ДПС погибли в крупной автомобильной аварии'),(361,94,2,'16/01/2012'),(362,95,3,'Multivan Match||Multivan||Volkswagen||спецверсии'),(363,95,5,'Volkswagen выпустил специальную версию Multivan по случаю чемпионата Европы по футболу-2012. Созданный на базе комплектации Multivan Comfortline спецвариант Match серийно оснащается 3-зонным автоматическим кондиционером Climatronic и CD-магнитолой RCD 310 с цифровым радиотюнером. Также для авто предлагается парковочный ассистент с передними и задними датчиками, круиз-контроль, противотуманные фары с функцией адаптивного освещения, подогрев форсунок стеклоомывателя и пакет «Свет и обзор».||В салоне Multivan Match появились новые варианты обивки сидений и текстильные коврики с контрастными швами. Снаружи специальная версия отличается 17-дюймовыми легкосплавными дисками Cascavel и тонированными стеклами. ||Multivan Match можно заказать с короткой (до 7 посадочных мест) или длинной колесной базой (до 8 посадочных мест). Цена на Multivan Match с короткой базой и бензиновым двигателем мощностью 116 л.с. начинается с 44 137 евро, что на 1600 евро дешевле, чем серийная модель аналогичной компл'),(364,95,1,'Volkswagen выпустил спецверсию Multivan Match к ЧЕ-2012'),(365,95,2,'16/01/2012'),(366,96,3,'Audi||технологии'),(367,96,5,'Audi планирует оснащать свои автомобили системой, значительно упрощающей управление в пробках. Новый автопилот, получивший название Traffic Jam Assistant, был представлен на выставке потребительской электроники Consumer Electronics Show (CES). Он работает на низких скоростях (от 0 до 60 км/ч) и работает аналогично адаптивному круиз-контролю: самостоятельно поддерживает дистанцию до едущего впереди автомобиля и в случае надобности тормозит.||Ситуацию на дороге система определяет при помощи широкоугольной видеокамеры, двух радаров (диапазон сканирования каждого - 21 градус) и восьми ультразвуковых датчиков.||Самостоятельно рулить автопилот пока не умеет, но на прямой трассе или городской улице вполне способен обеспечить должный уровень надежности. Радары сканируют не только впередиидущую машину, но и двигающиеся в потоке перед ней, что поможет заблаговременно предсказать торможение.||Новинка появится на борту флагманского седана A8, который должен появиться на рынке в ближайшую пару лет.'),(368,96,1,'Audi разработала автопилот для перегруженной трассы'),(369,96,2,'16/01/2012'),(370,97,3,'Mercedes-Benz||общество'),(371,97,5,'Глава компании Daimler AG, владеющей брэндом Mercedes-Benz, Дитер Цетше принес официальные извинения за использование образа Эрнесто Че Гевары в презентации на Международной выставке потребительской электроники в Лас-Вегасе. ||Фоном для презентации, рассказывающей о последних достижениях компании, послужила самая известная фотография в мире - снимок знаменитого революционера, сделанный Альберто Кордой в 1960. В видеоматериалах также фигурировало изображение логотипа Mercedes-Benz, украшенного беретом Че Гевары. ||Узнав об этом, целый ряд кубино-американских организаций выразил свое возмущение. Некоторые активисты даже обещали избавиться от своих автомобилей или не рассматривать приобретение продукции этой марки в дальнейшем.  ||В опубликованном заявлении подчеркивается, что компания «не оправдывает жизнь или действия этой исторической фигуры, а также политическую философию, которую он исповедовал».'),(372,97,1,'В Mercedes-Benz извинились за Че Гевару'),(373,97,2,'16/01/2012'),(374,98,3,'Ferrari||новинки||шпионские фото'),(375,98,5,'В Интернет попало шпионское видео автомобиля Ferrari, который придет на смену модели 599. В настоящее время известно только его рабочее обозначение - F152. На видео автомобиль проходит дорожные тесты в Маранелло. Основательный камуфляж не позволяет судить о дизайне, но под капотом, судя по звуку, скрывается крайне мощный мотор. Вероятно, 6,3-литровый V12 мощностью 700 л.с.  ||В Ferrari о будущей новинке практически ничего не говорили, но известно, что ее кузов будет изготовлен не из популярного у многих производителей суперкаров углепластика, а из алюминия. В компании объясняют такой выбор дороговизной технологии, которая не окупается с точки зрения технических характеристик авто: разница получается не столь уж велика.||Ожидается, что Ferrari представит новинку в марте на автосалоне в Женеве.  ||<center><object style=\"height: 390px; width: 640px\"><param name=\"movie\" value=\"http://www.youtube.com/v/bgCKxirhc9Y?version=3&feature=player_detailpage\"><param name=\"allowFullScreen\" value=\"tru'),(376,98,1,'Шпионы засняли новую Ferrari, которая придет на смену модели 599'),(377,98,2,'16/01/2012'),(378,99,3,'ДТП'),(379,99,5,'Полицейские штата Вашингтон задействовали громкоговорители, сирены и даже прожекторы в попытке остановить 60-летнюю женщину за рулем. Памела Дроусби проехала около 30 км по встречной полосе на пятой федеральной автостраде, причем ее скорость временами превышала 160 км/ч. ||Попадавшиеся ей на пути водители чудом успевали уйти от столкновения. Многие из них, в том числе находившийся за рулем восьмиколесной фуры Том Элкинс, стали звонить в полицию. Применив все вышеописанные способы, полицейские в итоге были вынуждены перекрыть движение на трассе. Увидев, что дорога перегорожена, женщина остановилась.||Как выяснилось, Памела запила алкоголем не сочетающиеся с ним таблетки и не осознавала своих действий. В момент ареста она даже не понимала, где находится. Она должна в скором времени предстать перед судом. В ходе ее безумной гонки, к счастью, никто не пострадал. В полиции отмечают, что лобовое столкновение на таких скоростях неизбежно привело бы к смерти.||<center><iframe width=\'560\' heigh'),(380,99,1,'Женщина проехала по встречной полосе 30 км на скорости более 160 км/ч. ВИДЕО'),(381,99,2,'16/01/2012'),(382,100,3,'Москва||дороги'),(383,100,5,'В Москве ночной снегопад стал причиной многокилометровых пробок. Несмотря на большое количество снегоуборочной техники, всю ночь работавшей на улицах города, из-за продолжающегося обильного снегопада скорость движения на многих трассах существенно снизилась. Аналитический центр «Yandex.Пробки» сообщил о 7-балльных заторах: в час пик были загружены все основные магистрали, средняя скорость движения на них составила порядка 10-15 км/ч. ||Наиболее сложная ситуация сложилась на проспекте Мира, шоссе Энтузиастов, Рязанском и Волгоградском проспектах, а также на Рублевском и Рублево-Успенском шоссе по направлению к центру. В настоящее время ситуация несколько улучшилась, но, как сообщает Гидрометцентр, снегопад продлится весь день, так что вечером в час пик ситуация, вероятно, повторится.'),(384,100,1,'Утро понедельника «порадовало» москвичей многокилометровыми пробками'),(385,100,2,'16/01/2012'),(386,101,3,'Jaguar'),(387,101,5,'В Аризоне с торгов будет продана исключительно редкая модель Jaguar XJ220S. Стандартные XJ220S были выпущены ограниченной серией в 350 автомобилей, но в данном случае речь идет о еще более редком суперкаре: в этой модификации было выпущено всего пять автомобилей. Они были созданы при участии команды Том Уокиншо Рейсинг (TWR): специалисты по гоночным авто демонтировали большую часть алюминиевого кузова суперкаров и заменили их еще более легким углепластиком. Автомобили также получили передний сплиттер и задний спойлер.||Выставленный на торги автомобиль не менял владельца предыдущие восемь лет. Мощность его двигателя V6 изначально составляла 680 л.с., но новая выхлопная система от TWR и выполненная ими же доводка двигателя увеличили мощность до 700 л.с. Как ожидается, Jaguar XJ220S будет продан за сумму между 225 и 300 тысячами долларов.'),(388,101,1,'В Аризоне с торгов будет продан исключительно редкий Jaguar XJ220S '),(389,101,2,'16/01/2012'),(390,102,3,'Porsche||гибриды||новинки'),(391,102,5,'В Porsche  подтвердили: серийная версия гибрида 918 Spyder будет показана на автосалоне во Франкфурте  в 2013 году. В этом же году начнутся и продажи новинки.||Силовая установка серийной версии автомобиля порядком отличается от силовой установки показанного в 2010 году концепта: вместо 3,4-литрового бензинового ДВС автомобиль получит 4,6-литровый агрегат мощностью 550 лошадиных сил, что на 50 л. с. больше. Этот восьмицилиндровый двигатель будет построен на базе блока, разработанного для гоночного RS Spyder, и получит инновационные системы впрыска топлива и смазки.||Помимо ДСВ автомобиль получит три электромотора, в результате чего суммарная мощность силовой установки составит 720 л.с., что позволит гибридному суперкару разгоняться с нуля до 100 км/ч за 3,1 секунды.||Заказы на новинку все еще принимаются, ее цена начинается от 645 000 евро. Компания планирует выпустить гибрид ограниченной серией в 918 автомобилей.'),(392,102,1,'Porsche покажет серийную версию гибрида 918 Spyder во Франкфурте'),(393,102,2,'16/01/2012'),(394,103,3,'ДТП'),(395,103,5,'В Приморском крае в результате ДТП погибла 14-летняя девочка. Водитель легкового автомобиля уснул во время движения, сообщает Управление МВД РФ по региону.||ДТП произошло в минувшее воскресенье на 490 км автодороги М-60. Водитель автомашины Honda HR-V, 30-летний мужчина, ехал в сторону Хабаровска. Не справившись с усталостью, он уснул за рулем, и неуправляемый автомобиль совершил наезд на двух девочек, шедших по обочине дороги во встречном направлении. Далее автомашина съехала в правый кювет и остановилась.||В результате аварии 14-летняя девочка скончалась на месте происшествия, до приезда врачей. 20 января 2012 года ей должно было исполниться 15 лет. Вторая пострадавшая была доставлена в больницу с серьезной травмой бедра. Обе девочки - воспитанницы детского дома, расположенного в г.Спасск-Дальний. Также при ДТП пострадал 4-летний мальчик - пассажир Honda, в момент удара он находился на заднем сиденье в детском кресле. В настоящее время его жизнь вне опасности. Стаж вождения автомобил'),(396,103,1,'Уснувший за рулем водитель насмерть сбил девочку, еще два ребенка пострадали'),(397,103,2,'16/01/2012'),(398,104,5,'На севере Мексики в субботу туристический автобус столкнулся с пассажирским поездом, передает <a href=\"http://www.ria.ru/\" target=\"_blank\">РИА «Новости»</a>. В результате аварии, ранения получили 20 человек.||Местная полиция сообщает, что практически все обстоятельства ДТП выяснены. Водитель автобуса пытался проскочить железнодорожный переезд прямо перед поездом. К счастью, скорость движения электрички была невысокой, машинист прибегнул к экстренному торможению. В результате столкновения, автобус отбросило к оврагу. ||Как заявили очевидцы происшествия, автобус буквально повис в воздухе, зацепившись за дерево. В местной службе спасения предположили, что если автобус упал бы в овраг, жертв избежать не удалось бы. В автобусе находилось 40 туристов. '),(399,104,1,'В Мексике туристический автобус столкнулся с поездом'),(400,104,2,'15/01/2012'),(401,105,5,'Японский автопроизводитель намерен представить на грядущем автосалоне в Женеве спортивный автомобиль с гибридным двигателем, информируют немецкие СМИ.||В настоящее время название модели держится в секрете, однако известно, что под капотом новинки будет находиться бензиновый мотор объемом 1,2 л., а также электродвигатель. Сообщается, что оба агрегата «будут максимально эффективно взаимодействовать». ||Также известно, что автомобиль продемонстрирует новое направление дизайна компании Infiniti. Представители марки заявляют, что концепт запомнится всем посетителям автосалона в Женеве своей яркостью, привлекательностью и необычной компоновкой салона. Автомобиль будет интересен еще и тем, что его электромотор будет самым мощным в классе гибридов. Агрегат сможет обеспечивать  солидную производительность при нулевых выбросах в атмосферу. '),(402,105,1,'Infiniti покажет гибридный спорткар'),(403,105,2,'15/01/2012'),(404,106,5,'ГИБДД столицы обращается ко всем водителям с просьбой быть внимательными и осторожными на дорогах в воскресенье в связи с ухудшением погодных условий. ||«Водителям следует избегать беспорядочного маневрирования, резкого торможения и увеличения скорости, необходимо соблюдать безопасную дистанцию, выбирать скоростной режим с учетом неблагоприятных погодных условий. Осторожность следует соблюдать при движении по эстакадам, мостам и путепроводам, а также мало оживленным улицам», - говорится в обращении. ||Помимо этого, ГИБДД настоятельно просит соблюдать правила остановки и стоянки в целях бесперебойной работы снегоуборочной техники. «Государственная инспекция безопасности дорожного движения Москвы обращается к водителям с убедительной просьбой не препятствовать своими действиями работе коммунальных служб города», - подчеркивается в обращении. '),(405,106,1,'ГИБДД Москвы просит водителей быть внимательными на дорогах'),(406,106,2,'15/01/2012'),(407,107,5,'Ижевский автомобильный завод в 2011 году сумел достичь приемлемых показателей, сообщает <a href=\" http://www.autostat.ru \" target=\"_blank\">аналитическое агентство «Автостат»</a>.||В период с января по декабрь прошлого года завод выпустил 70176 автомобилей. Интересно, что показатели превышают прошлогодние результаты более чем в десять раз. Напомним, в течение 2010 года ИжАвто произвел лишь 6980 машин.||Согласно официальным данным, «Объединенная автомобильная группа» произвела более 31 тысячи экземпляров Lada 2107, около 30 тысяч универсалов Lada 2104, порядка 5,2 тысяч фургонов ИЖ-27175, а также 1680 автомобилей Kia Spectra и 800 единиц Kia Sorento. В декабре прошлого года было выпущено еще 3,8 тысячи автомобилей. ||Что касается планов завода на текущий год, то приоритетной задачей стала постановка на конвейер новинки отечественного автопрома – Lada Granta. При этом речь о снятии с производства моделей Lada 2107 и 2104 не идет. '),(408,107,1,'ИжАвто сумел увеличить производство в десять раз '),(409,107,2,'15/01/2012'),(410,108,5,'Серьезное ДТП произошло сегодня в центре Новосибирска, передает <a href=\"http://www.vesti.ru\" target=\"_blank\">«Вести ФМ»</a>.  Иномарка, в которой находилась компания молодых людей, врезалась в остановку, после чего отлетела в фонарный столб. По последним данным, погибли четверо, еще двое были госпитализированы в тяжелом состоянии. Возраст погибших составляет от 17 до 22 лет. ||Сообщается, что водитель автомобиля Nissan на скользкой дороге превысил скорость и не справился с управлением. Очевидцы сообщают, что машину буквально выбросило с проезжей части на остановку общественного транспорта. К счастью, в этот момент она была пуста.||На месте аварии в эти минуты работают сотрудники полиции, которые пытаются установить точную картину ДТП.  В ГИБДД сообщили, что пока неизвестно, в каком состоянии находился водитель автомобиля. Назначены все необходимые экспертизы.  '),(411,108,1,'В аварии в Новосибирске погибли четыре человека '),(412,108,2,'15/01/2012'),(413,109,5,'Новое поколение популярного южнокорейского кроссовера впервые будет представлено на международном Нью-Йоркском автосалоне в начале апреля текущего года, сообщают американские СМИ. ||По некоторым данным, серьезные изменения коснутся интерьера и линейки моторов автомобиля. В салоне появятся более дорогие материалы отделки, а также ряд новых опций. Под капотом Hyundai Santa Fe получит 2,0-литровый турбированный агрегат мощностью в 274 л.с. Сообщается, что именно этот двигатель заменит 3,5-литровый атмосферный мотор в линейке силовых агрегатов корейского автомобиля. ||Помимо него в Европе будет доступен еще 2,0-литровый турбодизель. ||Еще покупатель получит возможность выбрать между 6-ступенчатым «автоматом» и «механикой», а также полным и передним приводом кроссовера. ||Что касается внешних изменений, то их минимум. Новый Hyundai Santa Fe получит светодиодные фары, выполненные на спортивный манер бамперы, а также новые литые диски. '),(414,109,1,'Новый Hyundai Santa Fe покажут в апреле'),(415,109,2,'15/01/2012'),(416,110,5,'Серьезная автокатастрофа произошла в субботу на юго-востоке Бангладеш, передает <a href=\"http://www.ria.ru/\" target=\"_blank\">РИА «Новости»</a>. ||По информации источника, ДТП произошло в 250 километрах к юго-востоку от столицы страны. Автобус, в котором находились, по меньшей мере, 40 пассажиров, упал в глубокое ущелье. По информации местной полиции, причиной аварии стала плохая видимость и несоблюдение скоростного режима водителем автобуса. ||Согласно последним данным, 13 человек скончались на месте происшествия, еще четверо умерли по дороге в больницу. ||Напомним, в июле прошлого года в Бангладеш пассажирский автобус также сорвался в ущелье. Тогда в аварии погибли 53 ребенка. Примечательно, что ДТП произошло на том же участке дороги. '),(417,110,1,'В Бангладеш автобус упал в ущелье, 17 человек погибли '),(418,110,2,'14/01/2012'),(419,111,5,'По сообщениям американских СМИ, концерн General Motors активно работает над новым седаном Chevrolet Impala. Планируется, что производство модели будет осуществляться на заводе в Канаде. Согласно некоторой информации, новый Impala будет представлен уже в апреле текущего года. ||Сообщается, что десятое поколение модели будет построено на базе Epsilon II, которая также лежит в основе Cadillac XTS. Chevrolet Impala получит достаточно широкую линейку моторов, при этом базовым  двигателем для автомобиля станет 3,5-литровый бензиновый агрегат мощностью в 300 л.с. Что касается трансмиссий, то будет доступен лишь шестиступенчатый «автомат». ||Напомним, девятое поколение автомобиля выпускается в Канаде с 2005 года. В последнее время варианты комплектаций и двигателей были значительно ограничены, а продажи модели продолжают снижаться. Самым удачным годом для Chevrolet Impala считается 2007-й, когда по всему миру было реализовано более 300 тысяч автомобилей. '),(420,111,1,'General Motors работает над новым Chevrolet Impala'),(421,111,2,'14/01/2012'),(422,112,5,'По итогам 2011 года автомобиль от корейского производителя стал самым востребованным на отечественном рынке. Согласно официальной статистике, за весь прошлый год на территории России было реализовано 97,2 тысячи экземпляров этой модели. ||Что касается положения Solaris в общем зачете, то машина заняла пятое место, уступив автомобилям от АвтоВАЗ. Отметим, что в 2011 году лидером продаж стала Lada Kalina (142,9 тыс.), второе место заняла Lada Priora (138,7 тыс.). ||Напомним, в декабре компания «Хендэ Мотор СНГ» обновила свою самую бюджетную модель Solaris. Помимо незначительных внешних изменений и доступного оснащения, были изменены комбинации двигателей, комплектаций и пакетов опций. Теперь седан и хэтчбек Hyundai Solaris доступны в 34 вариациях каждый.||Примечательно, что и цены на модель выросли минимум на 10 тысяч рублей в базовой комплектации.'),(423,112,1,'Hyundai Solaris стал самой продаваемой иномаркой в России'),(424,112,2,'14/01/2012'),(425,113,5,'Крупное ДТП произошло в субботу утром в столице, сообщает <a href=\"http://www.ria.ru/\" target=\"_blank\">РИА «Новости»</a>. На северо-западе Москвы на Живописном мосту столкнулись сразу 15 легковых машин. По последним данным, пострадавших нет.   Обстоятельства происшествия устанавливаются. ||По одной из версий, причиной аварии мог стать гололед, однако пресс-секретарь заместителя мэра по вопросам жилищно-коммунального хозяйства и благоустройства  опроверг эту информацию. Игорь Пергаменщик заявил, что дорожное полотно на Живописном мосту было своевременно обработано реагентами, это подтверждает и соответствующее заключение экспертной комиссии. ||По другой версии, столкновение машин произошло из-за превышения скоростного режима одним из водителей-участников аварии. ||Напомним, что накануне МЧС предупреждало участников движения о сложных погодных условиях. Вечером в пятницу шел мокрый снег, а в ночь на субботу по всей территории региона установилась минусовая температура, что способствовало'),(426,113,1,'В Москве на Живописном мосту столкнулись 15 машин '),(427,113,2,'14/01/2012'),(428,114,5,'Немецкий концерн продемонстрировал новый  концепт DICE, имитирующий автомобиль ближайшего будущего. По мнению производителя, в скором времени основным отличием машин от транспортных средств настоящего станет система по распознаванию жестов. ||Концепт DICE, показанный на прошлой неделе, представляет собой лишь имитацию салона автомобиля будущего. На передней панели нет кнопок, регуляторов и прочих органов управления. Сообщается, что специальные датчики будут отслеживать положение рук водителя и переднего пассажира. В зависимости от жеста или движения, можно будет управлять различными системами машины. Например, климат-контролем, аудиосистемой или навигатором. ||Интересно, что Mercedes-Benz реализовал в концепте DICE так называемую связь с технологиями дополненной реальности. Она заключатся в получении оперативной и полной информации о зданиях, улицах, достопримечательностях и других объектах, которые находятся рядом с местом движения автомобиля. '),(429,114,1,'Mercedes-Benz показал автомобиль будущего'),(430,114,2,'14/01/2012'),(431,115,5,'Серьезное ДТП произошло в субботу в Оренбургской области, передает  <a href=\"http://www.ria.ru/\" target=\"_blank\">РИА «Новости»</a>. По информации источника, на трассе Оренбург-Орск около восьми часов утра столкнулись ВАЗ-2112 и ВАЗ-2121. ||В результате сильнейшего лобового удара, пять пассажиров автомобилей погибли на месте аварии, еще трое с серьезными травмами были доставлены в ближайшую больницу. Отмечается, что среди погибших и пострадавших детей нет. На месте аварии работают сотрудники полиции, обстоятельства автокатастрофы выясняются. По некоторой информации, причиной ДТП могла стать плохая видимость. ||Напомним, в октябре прошлого года в Оренбургской области происходило похожее ДТП. На этом же шоссе автомобиль марки BMW выехал на полосу встречного движения и допустил столкновение с Lada Priora. В результате инцидента, тогда погибли пять человек, в том числе двое детей. '),(432,115,1,'В Оренбургской обл. в аварии погибли пять человек'),(433,115,2,'14/01/2012'),(434,116,5,'Отечественный автопроизводитель по результатам прошедшего года сумел реализовать за рубежом  более 56 тысяч автомобилей, что больше показателей 2010 года на 32,9%, сообщает <a href=\" http://www.autostat.ru \" target=\"_blank\">аналитическое агентство «Автостат»</a>. При этом отмечается, что крупнейшими рынками сбыта для АвтоВАЗа стала Украина, Казахстан и Азербайджан. ||Примечательно, что более 30% поставок автомобилей Lada за рубеж приходится на модель Samara. Помимо реализации самих машин, АвтоВАЗ в 2011 году поставил более 162 тысяч сборочных автокомплектов. Среди ведущих партнеров предприятия источник отмечает «ИжАвто» (72 тысячи шт.), «GM-АвтоВАЗ» (57,7 тысяч шт.), а также сборочное производство в Черкассах (163 тысячи шт.). ||Что касается планов на 2012 год, то автопроизводитель планирует увеличить объемы поставок автокомплектов на внешние конвейеры до 160 тысяч экземпляров. '),(435,116,1,'АвтоВАЗ добился увеличения экспорта на 33% '),(436,116,2,'14/01/2012'),(437,117,3,'ДТП||Петербург'),(438,117,5,'В Выборгском районе Санкт-Петербурга легковой автомобиль сбил двух детей на пешеходном переходе, водитель скрылся с места ДТП. Инцидент произошел на перекрестке улицы Шостаковича и проспекта Энгельса.||Оба ребенка остались живы, но получили тяжелые травмы и сейчас находятся в больнице. Ведется розыск водителя.||Похожее ДТП произошло сегодня в столице Хакасии Абакане: маршрутка на пешеходном переходе сбила трех пятиклассниц. Один ребенок погиб.||Установить все обстоятельства трагедии должны записи с камер наружного наблюдения. Кроме того, полиция изъяла запись с видеорегистратора, установленного в маршрутном такси. Уже известно, что дети переходили дорогу на зеленый сигнал светофора. Сейчас решается вопрос о возбуждении уголовного дела в отношении водителя.'),(439,117,1,'В Петербурге машина сбила двух детей на переходе и скрылась'),(440,117,2,'13/01/2012'),(441,118,3,'коррупция||власть||мигалки'),(442,118,5,'Дагестанские прокуроры через суд помогли вернуть в бюджет республики 2,9 млн рублей, незаконно потраченных чиновниками на покупку иномарки, сообщает <a href=\"http://www.ria.ru/\" target=\"_blank\">РИА «Новости»</a> со ссылкой на прокуратуру Дагестана.||«Прокуратурой в Тарумовский районный суд направлено заявление о признании незаконными действий администрации Тарумовского района и районного управления образования по приобретению Toyota Land Cruiser 200 стоимостью 2,9 млн рублей», – указано в релизе. Суд обязал чиновников вернуть потраченные деньги в местный бюджет.||Отметим, что в марте 2011 года власти республики разместили на сайте госзакупок заявку на покупку бронированного седана Audi A8L за 8,5 млн рублей, но после появления информации в прессе поспешили отказаться от заявки, назвав ее технической ошибкой.'),(443,118,1,'Чиновников обязали вернуть потраченные на авто бюджетные деньги'),(444,118,2,'13/01/2012'),(445,119,3,'ДТП||скандалы||ДТП на Ленинском||мигалки'),(446,119,5,'Срок следствия по делу о ДТП на Ленинском проспекте с участием автомобиля вице-президента ЛУКОЙЛа Анатолия Баркова продлен до 28 марта 2012 года, сообщает агентство РАПСИ со ссылкой на адвоката Игоря Трунова, представляющего интересы родственников погибших в аварии врачей.||«Сегодня две новости: срок следствия продлен до 28 марта и готова комплексная автотехническая экспертиза. Мы пока не знаем, отличается ли она от того безобразия, которое было представлено ранее», – сказал адвокат, добавив, что следственные действия назначены на следующую среду.||Громкое ДТП с участием автомобиля Mercedes-Benz вице-президента ЛУКОЙЛа Анатолия Баркова и Сitroen, в котором находились две женщины – врачи Ольга Александрина и Вера Сидельникова, произошло 25 февраля 2010 г. в районе площади Гагарина в Москве. В результате аварии управлявшая Сitroen врач-гинеколог О. Александрина скончалась на месте. Ее свекровь, заслуженный врач России профессор В. Сидельникова, от полученных травм умерла в больнице. Вино'),(447,119,1,'Срок следствия по делу о ДТП на Ленинском пр. продлили до конца марта'),(448,119,2,'13/01/2012'),(449,120,3,'Chevrolet'),(450,120,5,'Chevrolet представил самый мощный Corvette, получивший название 427 Collector Edition. Данная модификация приурочена к 60-летнему юбилею модели Corvette.||Под капотом суперкара – 7,0-литровый восьмицилиндровый двигатель мощностью 505 л.с., работающий в паре с шестиступенчатой МКПП. С такой силовой установкой автомобиль способен разгоняться с нуля до 100 км/ч за 3,8 секунды, а максимальная его скорость составляет 305 км/ч.||Покупатели смогут также заказать и специально разработанный к юбилею модели спортпакет Corvette 60th Anniversary Package. В этом случае автомобиль получит белую окраску, контрастную синюю складную крышу и кожаную обивку кресел того же цвета. На колесных дисках, руле и подголовниках появится эмблема «60th» – «60-й». Вдобавок можно заказать дополнительную \"гоночную\" маркировку: синие полоски.||В компании отмечают, что модификация Collector Edition и юбилейный спортпакет впервые выходят в один и тот же год.'),(451,120,1,'Chevrolet представил кабриолет Corvette 427 Collector Edition'),(452,120,2,'13/01/2012'),(453,121,3,'ДТП||регионы||общественный транспорт'),(454,121,5,'На 13-м километре автотрассы Осташков – Торжок в Осташковском районе Тверской области произошло крупное ДТП с участием ВАЗа и рейсового автобуса, следовавшего из Осташкова в Тверь. В результате инцидента погибли пять человек, сообщили ИА «РБК» в пресс-службе ГУ МЧС по региону.||По предварительной информации, причиной происшествия стало грубое нарушение правил дорожного движения водителем легкового автомобиля. Никто из пассажиров автобуса не пострадал. На место инцидента выехали оперативная группа ГУ МЧС России по Тверской области и психологи ведомства.||По предварительным данным, в рейсовом автобусе в момент ДТП находились водитель и два пассажира, которые продолжили движение на попутном транспорте.'),(455,121,1,'Под Тверью в ДТП с участием автобуса погибли 5 человек'),(456,121,2,'13/01/2012'),(457,122,3,'техосмотр'),(458,122,5,'Российский союз автостраховщиков аккредитовал уже три организации (сто пунктов), которые будут проводить техосмотр транспортных средств, сообшает <a href=\"http://www.ria.ru/\" target=\"_blank\">РИА «Новости»</a> со ссылкой на вице-президента РСА Светлану Никитину.||Напомним, с 1 января 2012 года вступил в силу закон о передаче обязательного техосмотра из ведения МВД коммерческим техцентрам, об отмене этой процедуры для новых автомобилей и о заключении договора о страховании автогражданской ответственности (ОСАГО) только при условии прохождения ТО. Теперь РСА проводит аккредитацию станций техосмотра, далее будет вести их реестр, обеспечивать бланками операторов ТО, а также контролировать их деятельность и проводить проверки.||Пункты прохождения техосмотра, которые раньше работали по договорам с МВД, были внесены в реестр операторов ТО автоматически после получения от них заявлений. По данным С. Никитиной, в настоящее время в реестр операторов ТО внесено более 1,9 тыс. таких операторов техн'),(459,122,1,'РСА аккредитовал сто пунктов проведения техосмотра'),(460,122,2,'13/01/2012'),(461,123,3,'общество'),(462,123,5,'Владелец четырех автомобилей, один из которых – Lexus RX 300, пытался любой ценой избежать транспортного налога. Житель Нижнего Новгорода задолжал государству 108 тысяч рублей – сумма немаленькая, но вряд ли неподъемная для владельца такого авто.||Еще в 2010 в отношении автолюбителя было возбуждено исполнительное производство, но и это не заставило должника заплатить налог. Теперь судебный пристав-исполнитель принял более суровые меры: должник лишился права выезда из страны, на регистрационные действия со всеми его автомобилями был наложен запрет, а главное – Lexus RX 300 был арестован. Угроза потери автомобиля все-таки убедила злостного неплательщика явиться в службу судебных приставов. Он заплатил долг в полном объеме, а заодно и исполнительский сбор.'),(463,123,1,'Владелец премиального Lexus RX 300 чуть не лишился авто, пытаясь избежать налога'),(464,123,2,'13/01/2012'),(465,124,3,'Москва||пробки||власть'),(466,124,5,'Российский миллиардер Михаил Прохоров предложил свой вариант борьбы с пробками в Москве. По мнению бизнесмена, транспортную ситуацию в столице можно улучшить за счет вывода транзитного потока из города и переноса растаможивания грузов на границу страны. Об этом пишет <a href=\"http://www.ria.ru/\" target=\"_blank\">РИА «Новости»</a>.||«Решение транспортных проблем Москвы лежит в другой плоскости: 45% машин, которые проходят через Москву, – это транзит. Первое, что нужно сделать, – увести транзит из Москвы. Для этого нужно построить две дороги, которые шли бы в обход Москвы», – сказал кандидат в президенты.||«Вторая проблема, которая удивляет, – вот вы знаете, что 45% грузов таможится в Москве, что они здесь делают? Надо все таможни вынести на границу», – цитирует М. Прохорова издание. Он заявил, что грузы поступают не только для Москвы, но и для всей страны. При этом олигарх отметил, что надо продолжать строить дороги и развязки.'),(467,124,1,'М. Прохоров предложил свой способ борьбы с пробками в Москве'),(468,124,2,'13/01/2012'),(469,125,3,'McLaren||суперкары'),(470,125,5,'В интернете появился видеоролик суперкара McLaren MP4-12C в новой модификации High Sport. У автомобиля необычный «профиль»: скошенная передняя часть позволяет максимально увеличить прижимную силу и в то же время обеспечивает более мощный воздушный поток, увеличивая мощность турбонаддува.||Изменились также задний бампер, диффузор и антикрыло. Под капотом суперкара – 3,8-литровый восьмицилиндровый турбодвигатель мощностью 675 л.с. О динамических характеристиках авто в этой модификации не сообщается, но стандартный MP4-12C, располагающий «всего лишь» 600 л.с., разгоняется с нуля до 100 км/ч за 3,1 секунды и способен развить скорость до 330 км/ч.||McLaren MP4-12C High Sport выйдет ограниченным тиражом: будет выпущено лишь пять автомобилей. Владельцем одного из них станет руководитель McLaren Рон Деннис, а еще один суперкар достанется принцу Бахрейна.||<center><object style=\"height: 390px; width: 640px\"><param name=\"movie\" value=\"http://www.youtube.com/v/SCSeSzWp9_I?version=3&feature=player'),(471,125,1,'В McLaren создали спортивную модификацию суперкара MP4-12C. ВИДЕО'),(472,125,2,'13/01/2012'),(473,126,3,'General Motors||российский автопром||Детройт-2012'),(474,126,5,'В ближайшие годы General Motors планирует инвестировать 1 млрд долларов в российский автопром. Об этом сообщил представитель компании Джеймс Бовензи на автосалоне в Детройте.||В GM считают российский авторынок крайне перспективным: здесь существует стабильный спрос, уже налажена дилерская сеть, а средний возраст автомобилей в настоящее время составляет более десяти лет. Следовательно, в ближайшие годы можно ожидать обновления более чем половины российского автопарка.||К 2015 году концерн планирует увеличить объем производства в России более чем в два раза: если в 2010 году было выпущено 232 000 автомобилей, то к 2015 году их количество должно составить как минимум 520 000.||В 2012 году GM начнет продажи Chevrolet Cruze в кузове хэтчбек, нового Opel Zafira, Chevrolet Aveo и Chevrolet Camaro. На начало 2013 года намечен старт продаж бюджетного Chevrolet Cobalt, а в 2015-м «GM-Автоваз» планирует выпуск новых Chevrolet Niva и Lada 4&#215;4.'),(475,126,1,'General Motors инвестирует 1 млрд долларов в российский автопром'),(476,126,2,'13/01/2012'),(477,127,3,'Петербург||криминал||парковка'),(478,127,5,'Сегодня, 13 января 2012 г., утром возле здания администрации Кировского района на проспекте Стачек в Петербурге взорвалась граната. По предварительным данным, причиной инцидента стала ссора двух водителей, передает «РБК-Петербург».||Двое мужчин сидели в автомобиле «Жигули», когда между ними произошел конфликт. Выйдя из автомобиля, один из участников склоки бросил гранату в окно автомобиля.||В результате взрыва спорщики пострадали, но от госпитализации отказались. По некоторым данным, поводом для ссоры послужило место на парковке, которое соседи не могут поделить уже месяц.'),(479,127,1,'Петербуржец взорвал соседа за место на парковке'),(480,127,2,'13/01/2012'),(481,128,3,'ГИБДД-ГАИ||Москва'),(482,128,5,'За новогодние праздники сотрудники ГИБДД поймали более 250 нетрезвых водителей, еще около 300 отказались пройти медицинское освидетельствование. Об этом сегодня, 13 января, сообщил замглавы УГИБДД по Москве Владимир Томчак.||«Двести пятьдесят восемь водителей управляли транспортными средствами в состоянии алкогольного опьянения. Двести девяносто семь отказались от прохождения медицинского освидетельствования», – рассказал он.||Томчак также сообщил, что за период с 1 по 9 января в столице произошло 172 серьезных ДТП, в которых погибло 15 человек и еще 233, в том числе трое детей, получили травмы различной степени тяжести. Кроме того, отметил он, произошло свыше 6,3 тысячи дорожно-транспортных происшествий без пострадавших.'),(483,128,1,'За время праздников столичные инспекторы поймали 600 пьяных водителей'),(484,128,2,'13/01/2012'),(485,129,3,'ДТП'),(486,129,5,'Трагедия произошла сегодня, 18 января, в центре Магадана. Водитель Suzuki Grand Vitara не справился с управлением и врезался в другой автомобиль. От удара его отбросило на светофорный столб, затем автомобиль продолжил движение и выехал на тротуар, где сбил четверых человек, по инерции вылетел на противоположную улицу и сбил там еще двоих.||Один из пешеходов, молодой мужчина 1983 года рождения, скончался на месте. Остальные пятеро были госпитализированы с травмами различной степени тяжести, двое из них находятся в тяжелом состоянии.||Как сообщают в ГИБДД, виновник аварии был абсолютно трезв. По его словам, у него случился приступ, из-за которого он полностью потерял управление. Против него возбуждено уголовное дело по ч. 3 ст. 264 УК РФ (нарушение правил дорожного движения, повлекшее смерть двух или более лиц). Максимальное наказание в случае признания виновности составляет до пяти лет лишения свободы. Водитель задержан и помещен в следственный изолятор.'),(487,129,1,'Водитель Suzuki сбил на тротуаре шестерых человек'),(488,129,2,'18/01/2012'),(489,130,3,'ИжАвто||российский автопром'),(490,130,5,'Производство на заводе «ИжАвто» возобновилось сегодня, 18 января, после окончания плановой проверки оборудования, значительная часть которой совпала с периодом новогодних каникул. Об этом сообщает пресс-служба предприятия.||Плановая проверка оборудования началась еще 26 декабря. В последнее время объем производства на заводе превысил показатели за последние 20 лет: здесь производилось более 10 000 автомобилей в месяц. По итогам столь интенсивной работы было решено временно остановить все конвейеры для тотальной технической проверки.||За отведенные на нее 22 дня были произведены работы по техническому перевооружению производственного комплекса, плановый осмотр и наладка технологического оборудования, энергетического и логистического комплексов. Была подготовлена площадка для монтажа сварочного оборудования производства автомобилей Lada Granta – монтаж начнется в ближайшее время.||В настоящее время на «ИжАвто» идет подготовка к обучению персонала для производства новых для автозавода мод'),(491,130,1,'«ИжАвто» снова в строю'),(492,130,2,'18/01/2012'),(493,131,3,'мировой авторынок||Renault'),(494,131,5,'Мировые продажи группы Renault в 2011 году выросли на 3,6% и составили 2 722 062 автомобиля. При этом продажи за пределами Европы выросли на 19,2% и сегодня составляют 43% от общего объема, сообщила пресс-служба компании. В Европе Renault сохранила за собой второе место среди производителей легковых автомобилей и коммерческого транспорта, занимая 8,6% рынка. Однако в Европе объем продаж Renault упал на 5,7% (до 1 549 376 автомобилей). Впрочем, это не вызывает удивления на фоне общего спада на абсолютном большинстве авторынков Европы.||Комментируя эти результаты, исполнительный вице-президент группы Renault по продажам, маркетингу и коммерческому транспорту Жером Столл отметил: «В 2011 г. группа Renault достигла уровня продаж в 2,7 млн автомобилей за пределами Европы. Несмотря на неоднородные результаты в Европе, Renault остается второй маркой на рынке и занимает первое место в сегменте коммерческого транспорта четырнадцатый год подряд».'),(495,131,1,'Мировые продажи группы Renault в 2011 году выросли на 3,6%'),(496,131,2,'18/01/2012'),(497,132,3,'ГИБДД-ГАИ'),(498,132,5,'Автолюбитель, который напал на инспектора ДПС и покалечил его, приговорен к двум годам лишения свободы в колонии общего режима. Об этом сообщает прокуратура Ижевска, города, где и произошел данный инцидент.||Владимир Смирнов, будучи в нетрезвом состоянии, 24 июня 2011 года ехал на своем автомобиле. Видя его манеру управления автомобилем, инспектор ДПС заподозрил, что водитель находится в состоянии алкогольного опьянения, остановил его и потребовал предъявить документы. В ответ В. Смирнов нанес инспектору удар локтем по колену, разорвав связки, и укусил за палец правой руки. Сотрудник более пяти месяцев находился на лечении, и неизвестно, как долго еще ему понадобится терапия и какого результата удастся добиться врачам: клинический прогноз неблагоприятный.||Октябрьским районным судом Ижевска злоумышленник признан виновным по ч. 2 ст. 318 Уголовного кодекса РФ (применение насилия, опасного для здоровья, в отношении представителя власти в связи с исполнением им своих должностных обязаннос'),(499,132,1,'Остановленный гаишником пьяный водитель напал на него'),(500,132,2,'18/01/2012'),(501,133,3,'дороги||финансы'),(502,133,5,'Общественные организации должны следить за целевым использованием регионами денег, выделенных на дорожное строительство, заявил премьер-министр России Владимир Путин. Сегодня, 17 января 2012 г., в ходе встречи с представителями организаций и общественных объединений автомобилистов глава правительства напомнил о планах по существенному пополнению региональных дорожных фондов.||«За счет налога 90 миллиардов получат регионы в дорожные фонды, а за счет акцизов еще 94 миллиарда», – цитирует В. Путина <a href=\"http://www.ria.ru/\" target=\"_blank\">РИА «Новости»</a>. Он подчеркнул, что это большие финансовые средства и такие деньги в региональные бюджеты не выделялись уже давно.||«И общественные организации, и заксобрания на местах, в регионах должны самым строгим образом следить за тем, чтобы деньги были истрачены исключительно целевым образом, чтобы граждане почувствовали изменение ситуации с качеством наших дорог», – сказал В. Путин.'),(503,133,1,'Путин: траты на дороги должна контролировать общественность'),(504,133,2,'17/01/2012'),(505,134,3,'техосмотр||ТО'),(506,134,5,'Пункты технического осмотра автомобилей при отсутствии бланков талонов ТО смогут выдавать их в простой письменной форме. Об этом сообщил первый вице-премьер РФ Игорь Шувалов на заседании Общероссийского народного фронта по проблемам автомобилистов. И. Шувалов отметил, что в связи с переходом на новые стандарты техосмотра не на всех станциях есть необходимые бланки.||«Мы приняли решение, что эти пункты, где бланки отсутствуют по какой-либо причине, могут в простой письменной форме заполнить характеристику автомобиля, подписать и направить страховым организациям», – сказал первый вице-премьер РФ. После этого страховые органы будут уполномочены выдать полис ОСАГО. И. Шувалов добавил, что Союз автостраховщиков это предложение поддержал.||Первый вице-премьер РФ также отметил, что при переходе на новую систему прохождения техосмотра не был сокращен ни один пункт техобслуживания, при этом было открыто 13 новых. И. Шувалов напомнил, что в планах правительства РФ было аккредитовать профессионал'),(507,134,1,'Талоны техосмотра будут писать от руки'),(508,134,2,'17/01/2012'),(509,135,3,'BMW||M6||6-я серия||6-Series||GranCoupe||шпионские фото||spy photo'),(510,135,5,'Новый BMW M6 GranCoupe попал в объективы фотографов-шпионов во время дорожных тестов в Германии. Этот автомобиль представляет собой четырехдверную версию купе M6. Новинка оснащена тем же турбированным двигателем V8 объемом 4,4 л, что и BMW M5. Однако ожидается, что для M6 GranCoupe мотор будет форсирован и станет выдавать порядка 590 л.с. вместо 550.||«Пойманный» прототип отличается от представленного недавно BMW 6-й серии GranCoupe двумя сдвоенными патрубками выхлопной системы, более агрессивными передним и задним бамперами и колесами большего размера.||Серийная версия модели появится ближе к концу текущего года, после того как немецкий автопроизводитель представит купе и кабриолет M6.'),(511,135,1,'BMW тестирует четырехдверное купе M6 GranCoupe'),(512,135,2,'17/01/2012'),(513,136,3,'Москва||техосмотр||ТО||власть'),(514,136,5,'Стоимость техосмотра автомобилей, которая в Москве составляет 690 рублей, будет постепенно пересматриваться, сказал столичный градоначальник Сергей Собянин. Вместе с премьером России Владимиром Путиным он побывал сегодня, 17 января 2012 г., на одном из пунктов техосмотра в Москве. Беседуя с главой правительства, столичный мэр признал, что «тариф надо потихоньку пересматривать», пишет <a href=\"http://www.ria.ru/\" target=\"_blank\">РИА «Новости»</a>.||Для корректировки тарифа надо будет посмотреть доходность работы пунктов техосмотра, пояснил С. Собянин. При этом он подчеркнул, что прибыльность техосмотра вряд ли будет низкой, поскольку московский автопарк ежегодно увеличивается примерно на 700 000 машин.||В 2011 году тариф техосмотра в московском регионе составлял 990 рублей, однако 1 января 2012 года он был снижен на 300 рублей в связи с исключением из него госпошлины. По мнению операторов техосмотра, нынешний тариф в Москве нужно увеличить, поскольку работать становится невыгодно. Предп'),(515,136,1,'Собянин пообещал, что цена техосмотра будет пересмотрена'),(516,136,2,'17/01/2012'),(517,137,3,'ДТП||Петербург'),(518,137,5,'В аварии на Кольцевой автодороге в Санкт-Петербурге погиб директор петербургского завода «Русский стандарт» Сергей Андреев. Данную информацию информагентству «РБК» подтвердили в пресс-службе компании.||ГИБДД уточняет, что авария произошла еще на прошлой неделе, вечером 14 января 2012 г. Внедорожник Volkswagen Touareg на большой скорости врезался в стоявшую на трассе фуру. Находившийся за рулем внедорожника С. Андреев скончался на месте до приезда «скорой помощи».||Завод компании «Русский Стандарт Водка» (входит в группу компаний «Русский стандарт») был открыт в Петербурге в октябре 2006 г. Корпорация «Русский стандарт» объединяет бизнесы по производству и дистрибуции алкогольной продукции, банковское дело и страхование.'),(519,137,1,'В ДТП в Петербурге погиб директор «Русского стандарта»'),(520,137,2,'17/01/2012'),(521,138,3,'техосмотр||ТО||власть'),(522,138,5,'Премьер-министр РФ Владимир Путин заявил, что при передаче права проведения техосмотра частным компаниям нельзя допустить монополизации данного рынка. Он напомнил, что с 2012 г. применяется новый порядок прохождения техосмотра – постепенно он передается от ГИБДД на станции, уполномоченные Российским союзом автостраховщиков.||«Здесь хотел бы обратить внимание на другую возможную засаду – возможность монополизации рынка, чего допустить нельзя. Так же как нельзя занижать рентабельность предприятий, занимающихся этим видом деятельности», – подчеркнул В. Путин.||Премьер-министр РФ рассказал, что вместе с первым вице-премьером РФ Игорем Шуваловым он побывал на одной из таких станций. По словам главы правительства, он остался доволен тем, что там увидел. «В целом за 30 минут можно пройти техосмотр и получить уже талон», – отметил премьер.'),(523,138,1,'Путин назвал «засадой» возможность монополизации рынка ТО'),(524,138,2,'17/01/2012'),(525,139,3,'Volkswagen||ГАЗ||заводы||российский автопром||промсборка||автопроизводство'),(526,139,5,'Volkswagen готовится к запуску производства автомобилей в Нижнем Новгороде. Пресс-служба компании объявила, что с 1 февраля 2012 г. проект возглавят Оливер Грюнберг и Петр Линхарт. О. Грюнберг будет отвечать за обеспечение качества, предсерийную подготовку производства и производство, а П. Линхарт – за планирование, логистику и управление запуском производства.||О. Грюнберг работает в концерне Volkswagen с 1995 г. С 2007 г. по 2009 г. он руководил автомобильным производством и был членом правления, а также заместителем генерального директора на российском заводе Volkswagen в Калуге. С 2010 г. по 2012 г. О. Грюнберг являлся управляющим и техническим директором индийского подразделения Skoda в Аурангабаде (Индия).||П. Линхарт с 1995 г. исполнял различные функции по работе с сервисной и дилерской сетью. В 2006-2009 гг. он руководил службой логистики на заводе Volkswagen в Калуге. С 2009 г. по 2011 г. работал в Млада Болеславе (Чехия), где возглавлял подразделение логистики марки Skoda и ц'),(527,139,1,'Volkswagen готовится к запуску производства в Нижнем Новгороде'),(528,139,2,'17/01/2012'),(529,140,3,'Москва||общественный транспорт||пробки'),(530,140,5,'В Москве из-за неправильно припаркованных машин за последние сутки произошло 282 сбоя в движении наземного общественного транспорта. Как сообщает пресс-служба департамента транспорта и развития дорожно-транспортной инфраструктуры столицы, скопление личного автотранспорта и неправильно припаркованные машины стали основной причиной задержек движения автобусов, троллейбусов и трамваев. Средняя продолжительность задержек движения общественного транспорта составила от 10 до 45 минут.||В то же время жители Москвы стали чаще отдавать предпочтение общественному транспорту. В 2011 году число пассажиров, перевезенных городскими автобусами, увеличилось по сравнению с 2010 годом. Вероятнее всего, это связано с введением выделенных полос для общественного транспорта: благодаря данному нововведению эксплуатационная скорость пассажирских автобусов и троллейбусов увеличилась на 30%.'),(531,140,1,'Припаркованные авто блокировали движение автобусов в Москве'),(532,140,2,'17/01/2012'),(533,141,3,'Ford||Sollers||автопроизводство'),(534,141,5,'Завод Ford Sollers во Всеволожске в 2012 году планирует выпустить 119 000 автомобилей. Об этом пишет <a href=\"http://www.ria.ru/\" target=\"_blank\">РИА «Новости»</a> со ссылкой на президента Ford Sollers Теда Канниса. «В 2011 году завод выпустил около 99 000 автомобилей, если дела пойдут хорошо, то мы произведем в этом году более 119 000», – сказал он.||«Мы продолжаем производство автомобилей Focus и Mondeo. Они хорошо продаются. В связи с успешными продажами в следующем году, возможно, нам потребуется увеличение производства», – добавил Т. Каннис.||В свою очередь вице-президент по маркетингу Ford Sollers Марк Симпсон сообщил, что согласно планам компании продажи автомобилей Ford в России в 2012 году составят 140 000 штук.'),(535,141,1,'Ford увеличит производство в России на 20 000 авто в год'),(536,141,2,'17/01/2012'),(537,142,3,'Москва||дороги'),(538,142,5,'В 2011 году число пассажиров, перевезенных городскими автобусами, увеличилось по сравнению с 2010 годом, сообщил пресс-центр мэрии Москвы. Вероятнее всего, это связано с введением выделенных полос для общественного транспорта: благодаря данному нововведению эксплуатационная скорость пассажирских автобусов и троллейбусов увеличилась на 30%.||Городские власти называют дальнейшую организацию выделенных полос одной из приоритетных задач на ближайшие годы. Так, уже в начале февраля будет введена в эксплуатацию выделенная полоса на Ленинском проспекте. Кроме того, будет произведена закупка современного подвижного состава общественного транспорта. Весь комплекс нововведений направлен на увеличение скорости и повышение комфортности перевозок. Ожидается, что в 2012 году пассажиропоток возрастет до 1 млрд 617 млн человек.'),(539,142,1,'Все больше москвичей выбирают общественный наземный транспорт'),(540,142,2,'17/01/2012'),(541,143,3,'Москва||дороги||стихия'),(542,143,5,'После еще одного из череды почти непрекращающихся в последнее время снегопадов коммунальные службы Москвы приступили к уборке улиц города от снега. Снегоуборочная техника и самосвалы для вывоза снега заняли правые крайние ряды дорог, что привело к образованию огромных заторов в целом ряде районов столицы. В настоящее время серьезные затруднения движения из-за скопления коммунальной техники наблюдаются на Третьем транспортном кольце, Профсоюзной улице по направлению в область, Сиреневом бульваре и других улицах города. Аналогичные затруднения наблюдаются и на МКАД.||Напомним, за один только вчерашний день с улиц города на снегоплавильные пункты было вывезено свыше 360 тысяч кубометров снега. Снегопад, начавшийся в выходные, продолжается с небольшими перерывами. За два дня в столичном регионе выпало десять сантиметров осадков, в уборке улиц принимает участие более одиннадцати тысяч единиц снегоуборочной техники.'),(543,143,1,'Снегоуборочная техника стала причиной пробок в столице'),(544,143,2,'17/01/2012'),(545,144,3,'ДТП'),(546,144,5,'На железнодорожном переезде легковой автомобиль неудачно попытался проскочить перед поездом. В результате столкновения пострадал водитель автомобиля. Инцидент произошел в Забайкалье накануне, 16 января, на неохраняемом железнодорожном переезде в районе станции Березовский-Восточный, сообщает пресс-служба Забайкальской железной дороги.||Как установила комиссия по расследованию происшествия, легковой автомобиль Mazda выехал на железнодорожный переезд перед приближающимся поездом № 6602. Локомотивная бригада применила экстренное торможение, однако избежать столкновения не удалось. В результате ДТП с травмами различной степени тяжести госпитализирована женщина, управлявшая автомобилем. Среди пассажиров пострадавших нет, на локомотиве повреждены метельник и скоростемер. Инфраструктура пути не пострадала. Задержка поезда составила 23 минуты.'),(547,144,1,'Поезд столкнулся с автомобилем на железнодорожном переезде'),(548,144,2,'17/01/2012'),(549,145,3,'Peugeot||российский авторынок||новинки'),(550,145,5,'На российский рынок выходит Peugeot 508 в кузове седан. В продажу он поступит с 1 февраля 2012 года. Покупатели смогут выбрать один из двух бензиновых двигателей: 1,6-литровый мощностью 120 л.с. и 1,6-литровый мощностью 150 л.с. В линейке есть и дизельные агрегаты: 2,0-литровый (136 л.с.) и 2,2-литровый (204 л.с.). Все они устанавливаются в паре с шестиступенчатыми автоматическими трансмиссиями.||В базовую комплектацию Access входят шесть подушек безопасности, система динамической стабилизации ESP, передние и задние электростеклоподъемники, двухзонный климат-контроль, аудиосистема CD/MP3, USB/Bluetooth и многофункциональное рулевое колесо. Ее стартовая цена составляет 839 000 рублей.||Комплектация Active включает также круиз-контроль, датчики света и дождя, подогрев передних сидений, аудиосистему с двумя дополнительными динамиками (восемь вместо шести). Ее стартовая цена составляет 894 000 рублей. Среди доступных опций – ксенон, светодиодные огни дневного света, омыватели фар и кожаные'),(551,145,1,'Peugeot анонсировал цены на флагманскую модель 508'),(552,145,2,'17/01/2012'),(553,146,3,'мировой авторынок||статистика'),(554,146,5,'Объем продаж легковых автомобилей в странах Европейского союза сокращается по сравнению с показателями предыдущего года. В декабре 2011 года он снизился на 6,4% по сравнению с декабрем 2010 года и составил 953 108 машин. Об этом сообщается в опубликованном сегодня отчете Европейской ассоциации автопроизводителей (ACEA).||Объем продаж легковых автомобилей в декабре 2011 г. к аналогичному показателю годом ранее вырос только в Германии (на 6,1% – до 244 тыс. 501 машины). Сократился этот показатель за отчетный период в Великобритании (-3,7% – до 119 тыс. 188 машин), Испании (-3,6% – до 66 тыс. 458 машин), Франции (-17,7% – до 187 тыс. 817 машин) и Италии (на 15,3% – до 111 тыс. 212 машин).||В 2011 г. объем продаж автомобилей сократился практически на всех ключевых рынках: во Франции (-2,1%), Великобритании (-4,4%), Италии (-10,9%), Испании (-17,7%).'),(555,146,1,'За декабрь 2011 года в Европе объем продаж легковых авто снизился на 6,4%'),(556,146,2,'17/01/2012'),(557,147,3,'ГИБДД-ГАИ'),(558,147,5,'Бывший инспектор ГИБДД осужден за превышение должностных полномочий и признан виновным в 38 подлогах. В ходе следствия было установлено, что 37-летний инспектор ДПС Виталий Гвоздев на протяжении 2010 года систематически подавал фиктивные рапорты о якобы случившихся административных правонарушениях.||В надежде на премию за отличное исполнение служебных обязанностей гаишник вносил в бланки постановлений заведомо ложные сведения. Правонарушение он указывал не слишком тяжелое: якобы остановленные им граждане совершали переход проезжей части в неустановленном месте. Имена псевдонарушителей он брал из информационной базы ГИБДД. В одном из случаев он даже ухитрился составить протокол на гражданина, который погиб в ДТП шестью годами ранее, в 2004 году.||Горе-гаишник приговорен к уплате штрафа в размере 20 тысяч рублей, сообщает пресс-служба СУСК по Пермскому краю. Своей работы он, естественно, также лишился.'),(559,147,1,'Ради статистики гаишник оштрафовал пешехода, погибшего несколькими годами ранее'),(560,147,2,'17/01/2012'),(561,148,3,'Bridgestone||шины'),(562,148,5,'В Bridgestone освоили новую технологию, позволяющую печатать изображения на боковинах автомобильных шин. При такой печати используются три слоя: основа под изображение, содержащая компоненты, предотвращающие выцветание картинки, само изображение (его наносят специально разработанными чернилами) и прозрачный защитный слой.||Новый способ значительно лучше применяемой в настоящее время технологии, позволяющей наносить на боковины надписи путем внедрения слоя белой резины в основной черный массив. При этом неизбежно увеличивается вес шины, чего не требуется в новой технологии. А главное, последняя позволяет использовать огромное количество цветов и отображать не только надписи, но также рисунки и даже фотографии. Если через некоторое время покупатель захочет удалить изображение или сменить его на другое, это не составит проблемы.||Bridgestone планирует внедрить данную технологию на рынок в самое ближайшее время.'),(563,148,1,'В Bridgestone научились печатать рисунки и фото на шинах'),(564,148,2,'18/01/2012'),(565,149,3,'Aston Martin||дилеры||luxury'),(566,149,5,'Компания Aston Martin продолжает активную экспансию на рынок Китая. В Шанхае открылся крупнейший в мире дилерский центр британской марки, ставший седьмым по счету в Китае. Новый автосалон имеет шоу-рум, рассчитанный на 18 автомобилей. Здесь также предусмотрены кафе, зона отдыха и отдельные залы, где представлена продукция постоянных партнеров Aston Martin: часы Jaeger-LeCoultre и аудио- и видеотехника Bang&Olufsen.||Появившийся на китайском рынке только в 2008 году к настоящему моменту Aston Martin имеет автосалоны в Пекине, Шанхае, Ханчжоу, Гуанчжоу, Чэнду и Шеньчжэне. В 2012 году планируется открытие еще трех дилерских центров в провинциях Чунцин, Шэньян и Эрдеш. Для британской автокомпании Китай является одним из наиболее перспективных направлений развития и самым быстрорастущим рынком в Азии. В 2011 году продажи автомобилей Aston Martin в Китае выросли на 103% по сравнению с предыдущим годом.'),(567,149,1,'Крупнейший в мире салон Aston Martin открылся в Шанхае'),(568,149,2,'18/01/2012'),(569,150,3,'Dodge||Journey||цены||внедорожники||SUV'),(570,150,5,'В следующем месяце автомобили Dodge вернутся на российский рынок. С 1 февраля 2012 г. марка начинает российские продажи обновленного Journey. Цена автомобиля с полным приводом и автоматической коробкой передач в комплектации R/T составляет 1 699 500 рублей.||Journey получил новую подвеску, новый шестицилиндровый двигатель, а также новый салон с улучшенным дизайном интерьера. Модель также комплектуется информационно-развлекательной системой Uconnect Touch 8.4. В базовую комплектацию включена система Enter-N-Go, обеспечивающая возможность доступа в салон без использования ключа, а также кнопочный запуск электростартера.||Dodge Journey R/T оснащается двигателем Pentastar V6 объемом 3,6 л и мощностью 283 л.с., развивающим крутящий момент 352 Н&#183;м. В паре с этим мотором устанавливается шестиступенчатая автоматическая коробка передач. Расход топлива составляет 9,4 л/100 км в загородном цикле.||Новинка укомплектована подключаемым полным приводом. Большую часть времени автомобиль движется '),(571,150,1,'Dodge возвращается на российский рынок'),(572,150,2,'18/01/2012'),(573,151,3,'Ford||новинки||российский авторынок||российский автопром'),(574,151,5,'Ford запустил в России производство Ford Focus в кузове универсал. Первый из этих автомобилей, сошедший с конвейера завода в Ленинградской области, стал пятисоттысячным автомобилем Ford, произведенным на территории РФ. В компании рассчитывают, что теперь, когда Ford Focus третьего поколения выпускается во всех модификациях кузова (седан, хэтчбек» и универсал), продажи марки вырастут на 20% по сравнению с 2011 годом. Эксперты в прогнозах осторожны и полагают, что доля универсалов не превысит 10%.||Цена на универсал Ford Focus III в зависимости от комплектации варьируется от 634 тыс. руб. (бензиновый двигатель объемом 1,6 л с механической коробкой переключения передач) до 897 тыс. руб. (дизельный двигатель объемом 2 л с автоматической коробкой передач).'),(575,151,1,'Ford  запустил производство универсала Focus в России'),(576,151,2,'18/01/2012'),(577,152,3,'Формула-1||автоспорт'),(578,152,5,'Не исключено, что Виталий Петров все-таки войдет в основной состав команды Caterham. Несмотря на то что Ярно Трулли уже подписал контракт с этой командой, 37-летний гонщик может лишиться места пилота, пишет немецкое издание Motor-Total.||По неподтвержденной информации, менеджменту Виталия Петрова удалось заинтересовать Caterham предложением, которое стало возможно благодаря двум российским спонсорам – ЛУКОЙЛу и АвтоВАЗу.||По слухам, Петров принесет команде 15 миллионов долларов. Если эти слухи верны, руководство команды, возможно, захочет расторгнуть договор с Трулли.||Напомним, Ярно Трулли выступал за команду, тогда носившую имя Lotus Racing, с момента ее создания в 2010 году. За все это время команда не смогла набрать ни одного очка.'),(579,152,1,'Не исключено, что Петров займет в Caterham место Ярно Трулли'),(580,152,2,'18/01/2012'),(581,153,3,'угоны||статистика||криминал'),(582,153,5,'Наибольшей популярностью у автоугонщиков пользуются автомобили ВАЗ, Toyota и Mitsubishi. Об этом сообщил журналистам начальник отдела Управления уголовного розыска Главного управления Министерства внутренних дел РФ по Москве полковник полиции Андрей Баранов. По его словам, в 2011 году было похищено 1625 автомобилей ВАЗ, 1063 автомобиля Toyota, 992 Mitsubishi, 904 Mazda, 879 Honda и 589 российских машин производства ГАЗа. Зарегистрировано также хищение 304 единиц грузового автотранспорта и спецтехники.||Всего в минувшем году на территории Москвы было совершено 10 812 краж автомобилей, что на 780 инцидентов больше по сравнению с 2010 г., 163 грабежа с целью завладения авто (рост на 61 инцидент), 70 разбойных нападений (рост на 17 случаев нападения), более 2 тыс. угонов без цели хищения (рост на 373 по сравнению с 2010 г.).||По данным полиции, чаще всего автомобили угонялись в Восточном, Северном и Юго-Восточном административных округах столицы. Ночью похищено 58% всех машин, днем – 15%. '),(583,153,1,'Московские автоугонщики предпочитают ВАЗ, Toyota и Mitsubishi'),(584,153,2,'18/01/2012'),(585,154,3,'ГИБДД||полиция||криминал||коррупция'),(586,154,5,'Суд приговорил бывшего начальника управления ГИБДД МВД России по Республике Хакасия Вячеслава Лепшеева к 10 годам колонии строгого режима за получение взяток, общая сумма которых превышает 820 тысяч рублей. Как сообщили в управлении взаимодействия со СМИ Генеральной прокуратуры РФ, он также был оштрафован судом на 1 млн рублей. Бывший руководитель регионального управления Госавтоинспекции осужден по трем эпизодам получения взятки в крупном размере по п. «в» ч. 5 ст. 290 Уголовного кодекса РФ.||Как установило следствие, с апреля 2006 года по май 2007-го В. Лепшеев установил в Абакане необоснованно завышенные требования для получения бланков справок-счетов. За беспрепятственную выдачу таких бланков он получил взятки от индивидуального предпринимателя Александра Кучерова и руководителей ООО «Торговый дом «Самара», ООО «Автолидер» и ООО «Мегаполис», осуществлявших деятельность по оформлению документов для регистрации транспортных средств, на общую сумму более 820 тыс. руб.||Стоит отметить,'),(587,154,1,'Глава управления ГИБДД приговорен к 10 годам колонии за взятки'),(588,154,2,'18/01/2012'),(589,155,3,'Формула-1||автоспорт'),(590,155,5,'В новом сезоне Виталий Петров может оказаться в команде Caterham, сообщает финская газета Turun Sanomat. Менеджера российского гонщика Оксану Косаченко видели во время ее недавнего визита в штаб бывшей Team Lotus в британском графстве Норфолк. Основной состав пилотов Caterham давно утвержден: в грядущем сезоне за команду выступят Ярно Трулли и Хейкки Ковалайнен. Значит, речь, скорее всего, идет о включении Петрова в качестве третьего пилота.||При благоприятном для российского гонщика стечении обстоятельств такое место в команде позволило бы ему надеяться войти в основной состав в 2013 году, заняв место Ярно Трулли. Менеджмент Петрова пока отказывается комментировать эти слухи.'),(591,155,1,'Автоспорт: Виталий Петров может оказаться в команде Caterham'),(592,155,2,'18/01/2012'),(593,156,3,'Saab'),(594,156,5,'В рамках ликвидации Saab с молотка уйдут все автомобили из музея компании в Трольхеттане. В коллекции музея – более 120 классических автомобилей Saab и самых различных концептов. Возможность приобрести уникальные машины, вошедшие в историю автомобилестроения, уже привлекла многих коллекционеров.||Среди выставленных на продажу моделей попадаются самые разные: от последних разработок компании, таких как концепты 9-X BioHybrid 2009 года, 9-6X 2007-го и Aero X 2006-го, до уникальных старых концептов вроде 900 EV-1 1984 года (EV в данном случае, конечно же, Experimental Vehicle, то есть экспериментальный автомобиль) и таких ранних машин марки, как Formula Junior 1960-го, Sonett 1956 и даже созданный в 1946 году прототип Ursaab. Заявки на участие в торгах принимаются до 20 января.'),(595,156,1,'Автомобили из коллекции музея Saab выставлены на продажу'),(596,156,2,'18/01/2012'),(597,157,3,'угоны'),(598,157,5,'В ГИБДД рассказали об основных способах угона автомобилей и поделились советами, как сохранить свою машину. Начальник 7-го отдела Управления уголовного розыска ГУ МВД по Москве полковник полиции Андрей Баранов отметил, что в момент покупки автомобилей продавцы пытаются убедить граждан, что приобретение противоугонной системы убережет их авто от угона. «Это не соответствует действительности», – подчеркнул А. Баранов. Автоугонщики используют огромное количество различных хитроумных, несложных в использовании приспособлений и методик вплоть до считывания сигнала электронного ключа, находящегося в кармане владельца.||Часто элементарные механические запорные устройства куда дольше сопротивляются взлому, чем электронные. По словам А. Баранова, хорошо себя зарекомендовали и системы контроля местонахождения машины: «Если ее хорошо спрятать, то обнаружить эту шайбу практически невозможно, а поиск такой машины, скорее всего, приведет к положительному результату».||«Лучшее противоугонное средство'),(599,157,1,'Лучшими противоугонными средствами названы простые механические системы'),(600,157,2,'18/01/2012'),(601,158,3,'Ferrari'),(602,158,5,'Норвежская компания Customized.no предложила перевести Ferrari FF с бензина на биоэтанол. Это не только сделает автомобиль высокоэкологичным, но и увеличит и без того немалую мощность его двигателя V12 со стандартных 651 л.с. до фантастических 875 л.с. ||Биоэтанол E85 содержит всего 15% бензина (остальное – собственно этанол), так что выхлоп CO2 будет ничтожно мал, а заявленная мощность впечатляет еще больше, если учесть, что за такой тюнинг компания просит всего лишь 1500 евро.||На новом топливе полноприводный FF сможет разгоняться с нуля до 100 км/ч на 20% быстрее, чем прежде: меньше чем за 3 секунды.||Стоит отметить, что норвежцы не в первый раз экспериментируют с биоэтанолом. Так, при тюнинге Koenigsegg Agera R им удалось добиться мощности 1099 л.с.'),(603,158,1,'На экотопливе Ferrari FF может разгоняться с нуля до 100 км/ч за 2 секунды'),(604,158,2,'18/01/2012'),(605,159,3,'Golf||новинки'),(606,159,5,'Volkswagen покажет Golf седьмого поколения в сентябре на автосалоне в Париже. Как сообщили в компании, он будет длиннее и шире шестого поколения модели: его построят на новой платформе MQB, как и недавно представленный концепт Cross Coupe.||Новинку неоднократно удавалось сфотографировать во время дорожных тестов. Несмотря на камуфляж, ясно, что дизайн автомобиля довольно сильно изменился, причем изменения коснулись не только кузова, но и салона: автомобиль получил новую наклонную панель приборов.||Технические характеристики Golf седьмого поколения пока не сообщаются. В линейке двигателей наверняка будут как бензиновые, так и дизельные агрегаты, а Golf VII GTI может получить модифицированный 2,0-литровый четырехцилиндровый агрегат мощностью 220 л.с.'),(607,159,1,'Volkswagen покажет Golf седьмого поколения в сентябре 2012 года'),(608,159,2,'18/01/2012'),(609,160,3,'BMW||X5||внедорожники||SUV||spy photo||шпионские фото'),(610,160,5,'Фотографам-шпионам впервые удалось запечатлеть на фото внедорожник BMW X5 третьего поколения. Автомобиль появится в продаже в 2014 году, то есть одновременно с новым внедорожником Mercedes-Benz M-класса.||Прототип X5 ниже предыдущего поколения модели и получил более спортивный облик. Автомобиль построен на доработанной платформе BMW 5-й серии, созданной из легковесные материалов, что позволило сократить вес внедорожника на 150 кг. Автопроизводитель принял и другие меры по уменьшению веса авто. Ожидается, что новое поколение BMW X5 будет весить 1800 кг против 2125 кг у актуального BMW X5 xDrive30i.||Линейка двигателей, устанавливаемых на SUV, доработана с целью сокращения потребления топлива и выброса вредных веществ в атмосферу. Ожидается, что новый BMW X5 будет оснащаться и двумя новыми четырехцилиндровыми моторами: бензиновым и дизельным мощностью порядка 245 л.с. Кроме того, на модель будут устанавливаться две гибридные установки, одна из которых будет состоять из 3-литрового бензин'),(611,160,1,'Фотографы впервые «поймали» BMW X5 третьего поколения'),(612,160,2,'18/01/2012'),(613,161,3,'Tesla||электромобили'),(614,161,5,'Руководитель Tesla Элон Маск объявил, что кроссовер модели X будет представлен 9 февраля в дизайн-студии компании. Пока не ясно, будет ли Х концептом или серийной версией, первое более вероятно, так как о модели до сих пор почти ничего не сообщалось.||Автомобиль построен на модифицированной платформе модели S и получит такую же батарею. Седан развивает скорость до 88 км/ч и способен проехать 257 км на одном заряде, но кроссовер крупнее и тяжелее, так что и скорость, и запас хода, скорее всего, окажутся чуть меньше.||Ранее сообщалось, что новинка должна появиться на рынке в 2013 году, но в тех же сообщениях было указано, что ее представят на автосалоне в Детройте, чего так и не случилось. Вероятно, 9 февраля на презентации будет оглашен уточненный срок выхода модели X в продажу.'),(615,161,1,'Tesla покажет новую модель X в феврале'),(616,161,2,'19/01/2012'),(617,162,3,'Mercedes-Benz||новинки'),(618,162,5,'В Mercedes-Benz назвали стоимость самого мощного SLK – 55 AMG. Автодилеры уже принимают заказы на него по цене от 54 950 евро.||Под капотом новинки находится 5,5-литровый двигатель V8 с системой прямого впрыска и мощностью 421 л.с. Семиступенчатая автоматическая трансмиссия AMG Speedshift 7G-Tronic Plus, в паре с которой он работает, позволяет ускоряться с нуля до 100 км/ч за 4,6 секунды. Максимальная скорость ограничена электроникой на отметке 250 км/ч. Разработчикам удалось одновременно увеличить мощность и снизить выхлоп на 30%, выделение CO2 составляет 195 г/км.||SLK 55 AMG получил 18-дюймовые легкосплавные диски, адаптивную систему освещения и цифровое радио DAB. Покупатели также могут заказать специальный пакет AMG Performance Package. Он включает новую подвеску, тормозную систему и блокировку дифференциала. Его стоимость – 4105 евро. Доступен и пакет AMG Driver, в котором снимается электронное ограничение скорости.'),(619,162,1,'Названа цена самого мощного Mercedes-Benz SLK 55 AMG'),(620,162,2,'19/01/2012'),(621,163,3,'мигалки||общество||власть||законы'),(622,163,5,'ЛДПР внесла в Госдуму законопроект, предлагающий ввести уголовное наказание за незаконную установку звуковых и световых приборов на автомобиле, в том числе мигалок и стробоскопов. Об этом сообщает <a href=\"http://www.ria.ru/\" target=\"_blank\">РИА «Новости»</a> со ссылкой на аппарат нижней палаты парламента.||ЛДПР предлагает исключить из Административного кодекса наказание, предусматривающее штраф размером 2500 рублей, и ввести дополнительную статью в Уголовный кодекс с более суровыми санкциями.||«Мы предлагаем дополнить Уголовный кодекс статьей с уже более серьезными штрафами – до 200 000 рублей и лишением права управления автомобилем от 2 до 3 лет либо без такового. Также в качестве наказания предусматривается заключение под стражу от 3 до 6 месяцев», – рассказал РИА «Новости» один из авторов законопроекта Ярослав Нилов.||По мнению депутата, эти нормы могли бы применяться на усмотрение суда в зависимости от того, насколько тяжкими являются последствия (если они есть) в результате устан'),(623,163,1,'ЛДПР предлагает сажать в тюрьму за незаконные мигалки'),(624,163,2,'18/01/2012'),(625,164,3,'Bentley||гибриды'),(626,164,5,'Bentley готова устанавливать гибридный привод на новые модели, сообщил главный инженер компании Рольф Фреч в интервью Autocar. По его словам, премиальный автопроизводитель наблюдал за разработками зеленых технологий, осуществляемых концерном Volkswagen Group, и больше всего заинтересовался гибридными установками. Как объяснил Р. Фреч, больше всего Bentley понравилось то, что у таких силовых установок высокий крутящий момент, а это именно то, чем славится британская марка.||Bentley собирается в ближайшие несколько лет экспериментировать с новыми моделями и экологичными технологиями. Работы возглавит бывший глава Porsche Вольфганг Дюрхаймер. «Мы должны экспериментировать. Мы делали это в Porsche, и у нас есть возможность заниматься этим в Bentley», – заявил Р. Фреч, также работавший ранее на Porsche.'),(627,164,1,'Bentley готова выпускать гибридные автомобили'),(628,164,2,'18/01/2012'),(629,165,3,'стихия||дороги'),(630,165,5,'Транскавказская магистраль, соединяющая Россию с Южной Осетией, вторые сутки закрыта для проезда автотранспорта из-за опасности схода лавин. Трасса может не открыться вплоть до выходных, сообщает <a href=\"http://www.ria.ru/\" target=\"_blank\">РИА «Новости»</a> со ссылкой на руководителя пресс-службы МЧС Северной Осетии Юлию Старченко.||По ее словам, в горах в настоящее время продолжает идти снег, сотрудники противолавинной службы пытаются обстрелять склоны вдоль Транскама, чтобы принудительно спустить снег с наиболее опасных лавинных очагов.||«Однако из-за погодных условий работа проходит медленно. Между тем сотрудники дорожной службы говорят, что из-за большого объема снега, сошедшего на дорогу, расчистка трассы может затянуться не на один день», – уточнила она.||При этом синоптики прогнозируют лавиноопасность еще на ближайшие двое суток.'),(631,165,1,'Транскам откроется не раньше выходных'),(632,165,2,'18/01/2012'),(633,166,3,'ДТП'),(634,166,5,'Сегодня, 18 января, в Иркутске произошло ДТП, в результате которого один человек погиб и пострадали еще пятеро. Как сообщили в пресс-службе ГИБДД, маршрутное такси «Газель», следовавшее по маршруту № 87 с большим количеством пассажиров, вылетело с дороги и перевернулось. Одна из пассажирок погибла на месте, остальным была по необходимости оказана медицинская помощь. Четверо были госпитализированы.||По словам пассажиров, в аварии виноват водитель: он пошел на обгон автобуса, но не справился с управлением. Водитель отрицает свою вину: по его словам, автобус прижал «Газель» к обочине, и тут у маршрутки отказали тормоза. Водитель пытался затормозить хотя бы с помощью ручника, но безуспешно. Плотные сугробы на обочинах также способствовали аварии: в этом месте установлен достаточно высокий парапет, но сейчас он полностью скрыт под слежавшимся снегом, по которому маршрутка и вылетела с трассы.||В компании, которой принадлежит «Газель», сообщили, что машина 2007 года регулярно проходила техос'),(635,166,1,'Маршрутное такси на полном ходу вылетело с трассы и перевернулось'),(636,166,2,'18/01/2012'),(637,167,3,'техосмотр||ТО||законы'),(638,167,5,'Автомобили стандарта Евро-5 в возрасте до 5 лет могут освободить от прохождения техосмотра. Глава комитета по транспорту Госдумы Евгений Москвичев планирует в весеннюю сессию внести в нижнюю палату законопроект об отмене техосмотра для «экологически чистых» автомобилей моложе пяти лет, пишет <a href=\"http://www.ria.ru/\" target=\"_blank\">РИА «Новости»</a>.||«Сегодня уже появились автомобили, которым достаточно проходить ТО в течение не трех, а пяти лет. Это экологически чистые автомобили Евро-5. Владельцы таких автомобилей обслуживают их в самых лучших сервисных станциях, таким автомобилям не нужно в течение пяти лет проходить ТО. Он делается в этих сервисах», – заявил Е. Москвичев.||Депутат сообщил, что соответствующая поправка в закон «О техническом осмотре транспортных средств» будет подготовлена совместно со страховщиками и автомобилистами.||Е. Москвичев также отметил необходимость ввести в России обязательные сервисные книжки на каждый автомобиль, «как на каждого гражданина – больни'),(639,167,1,'Автомобили стандарта Евро-5 могут освободить от прохождения ТО'),(640,167,2,'18/01/2012'),(641,168,3,'Foton||китайские автомобили||грузовики||заводы'),(642,168,5,'Китайский Foton Motors рассматривает возможность создания автомобильного производства на территории города-спутника Нижнего Новгорода – Дзержинска. Об этом пишет РИА Новости со ссылкой на мэра города Виктора Сопина.||«Была встреча с представителями китайской фирмы, выпускающей грузовые и легковые автомобили. Они планируют прийти к нам на территорию городского округа Дзержинск», – сказал он. По словам В. Сопина, сначала планируется организовать выпуск грузовых автомобилей, а затем легковых.||«Там достаточно большой объем инвестиций. Будет создано порядка 12 000 рабочих мест в течение четырех лет», – сказал мэр Дзержинска, не назвав сроки начала реализации этого проекта.||Компания Foton Motors основана в 1996 году, является третьей по размерам автомобильной компанией в Китае.'),(643,168,1,'Китайский автопроизводитель Foton откроет завод в России'),(644,168,2,'19/01/2012'),(645,169,3,'Audi'),(646,169,5,'В Audi осознают растущий спрос на небольшие кроссоверы, и потому, как сообщил источник в компании, «новые модели меньше, чем предыдущие, достаточно посмотреть на линейку: Q7, Q5, Q3. Теперь вполне может появиться и кроссовер на базе А1». Его не стоит ждать в непосредственном будущем, но он вполне может появиться между 2013 и 2016 годом.||А вот появление кабриолета на базе А1 тот же источник исключил: такая модель будет слишком похожа на кабриолет А3, и в компании не видят смысла в ее создании.||О технических характеристиках и оснащении Q1 пока ничего не сообщается, но можно предположить, что он получит от A1 не только базу, но и линейку двигателей, в которую входят как бензиновые, так и дизельные агрегаты мощностью от 85 до 255 л.с.'),(647,169,1,'Audi готовит мини-кроссовер Q1'),(648,169,2,'19/01/2012'),(649,170,3,'Mitsubishi||электромобили||экология'),(650,170,5,'Mitsubishi опубликовала тизер нового электромобиля. Премьера модели состоится в марте этого года на международном автосалоне в Женеве. В компании новинку называют инновационным автомобилем премиум-класса и обещают, что в продаже он появится уже в конце 2012 года.||Электромобиль Mitsubishi положит начало производству автомобилей нового поколения. Компания ставит своей целью на будущее выпуск линейки дружелюбных к окружающей среде компактных автомобилей, кроссоверов и внедорожников, предназначенных для продаж на мировом рынке. Большую часть этих «зеленых» моделей составят электромобили.||Главной новинкой Mitsubishi в ближайшем будущем станет электромобиль Mirage, представленный в виде концепта на Токийском автосалоне в 2011 году. Производство серийной версии модели может быть запущено уже в этом году. В продаже в Европе Mirage должен появиться в следующем году.'),(651,170,1,'Mitsubishi представит в Женеве автомобиль будущего'),(652,170,2,'19/01/2012'),(653,171,3,'ГИБДД-ГАИ||Москва||дороги'),(654,171,5,'На подмосковных трассах начался радиоэксперимент по борьбе с пробками. Как сообщает управление ГИБДД по Московской области, полицейские начали регулярно оповещать автолюбителей об авариях и пробках по радиосвязи. Наличие обратной связи с дальнобойщиками позволяет полицейским своевременно корректировать дорожную обстановку и более оперативно реагировать в случае надобности.||В радиоэфире инспекторы ДПС помогают водителям планировать маршрут на подъездах к столице, а те в свою очередь описывают ситуацию на дорогах, по которым едут, сообщают о возникновении непредвиденных обстоятельств и даже помогают задерживать правонарушителей.||Пока радиостанции для связи с автолюбителями установлены только на трех постах рязанского направления федеральной трассы М-5. В том случае, если эксперимент признают удачным, ими оборудуют все подразделения дорожно-патрульной службы Московского региона.'),(655,171,1,'В Москве борются с пробками по радиосвязи'),(656,171,2,'19/01/2012'),(657,172,3,'General Motors||российский автопром||российский авторынок'),(658,172,5,'На петербургском заводе General Motors в 2011 году было собрано 60 тысяч автомобилей, а на заводе в Тольятти – 57 тысяч. Как сообщил директор по связям с общественностью GM Russia Сергей Лепнухов, в 2012 году автоконцерн планирует увеличить производственную мощность петербургского завода до 230 тысяч. Мощность тольяттинского завода также будет увеличена почти вдвое и составит 120 тысяч автомобилей в год.||С. Лепнухов уточнил, что план производства GM-Auto на территории России будет зависеть от состояния и потребностей российского рынка. На 2012 год намечено начало продаж произведенных в России автомобилей Chevrolet Cruze в кузове хэтчбек, нового Opel Zafira, Chevrolet Camaro и Chevrolet Aveo. Производство последнего к концу года будет переведено с «Автотора» на ГАЗ.'),(659,172,1,'General Motors вдвое увеличит объем производства на территории России'),(660,172,2,'19/01/2012'),(661,173,3,'ГИБДД||штрафы'),(662,173,5,'Чаще всего УГИБДД Москвы штрафует автомобилистов за превышение скорости и выезд на полосу маршрутного транспорта. Об этом пишет <a href=\"http://www.ria.ru/\" target=\"_blank\">РИА «Новости»</a> со ссылкой на замначальника УГИБДД Москвы Владимира Томчака.||«С октября 2011 года около 45 миллионов потратили автолюбители, нарушая ПДД. В основном постановления выписывали за (превышение) скорости на 20-40 км/ч, (превышение) на 40-60 км/ч и свыше 60 км/ч, (выезд на) полосу маршрутных транспортных средств», – сказал он.||Значительная часть нарушений была установлена благодаря работе центра автоматизированной фиксации административных правонарушений УГИБДД. Замначальника управления добавил, что сейчас в Москве в полном объеме работают 150 комплексов фиксации нарушений ПДД. А в 2012-2013 годах планируется ввести в действие еще более 800 таких комплексов, отметил он.'),(663,173,1,'В ГИБДД рассказали, за что автомобилисты Москвы заплатили 45 млн руб.'),(664,173,2,'19/01/2012'),(665,174,3,'российский авторынок||автокредиты'),(666,174,5,'В 2012 году во всех регионах России ожидается рост ставок по автомобильным кредитам, сообщил руководитель практики по оказанию услуг компаниям автомобильной отрасли PricewaterhouseCoopers (PwC) Стенли Рут. В первую очередь это коснется кредитов на покупку автомобилей, участвовавших в только что завершенной программе льготного кредитования. Подорожание кредитов может негативно сказаться на продажах автомобилей.||Напомним, в 2011 году в России было выдано более 263 000 льготных автокредитов. Каждый десятый автомобиль был куплен с привлечением такого автокредита. Всего же, по оценкам PwC, доля продаж автомобилей в кредит составила в 2011 году 44% от общего количества проданных автомобилей, что на 8% больше, чем в 2010-м (1 100 000 автомобилей в 2011 году против 637 000 автомобилей в 2010-м).'),(667,174,1,'В 2012 году ставки по автокредитам вырастут'),(668,174,2,'19/01/2012'),(669,175,3,'Москва||дороги'),(670,175,5,'В 2012 году власти Москвы ожидают увеличения пассажиропотока в общественном транспорте города на 3,3%. Как сообщил сегодня руководитель департамента транспорта и развития дорожно-транспортной инфраструктуры Москвы Максим Ликсутов, число поездок может вырасти на 120 млн по сравнению с 2011 годом – до 3,72 млрд поездок.||Это станет закономерным продолжением тенденции, обозначившейся в 2011 году, когда число поездок на общественном транспорте Москвы выросло на 100 млн – до 3,6 млрд. Об этом сообщил заместитель мэра Москвы по вопросам развития транспорта и дорожного строительства Николай Лямов. В минувшем году в Москве появились выделенные полосы для автобусов и экспресс-маршруты, что привлекло большое количество жителей столицы, не желающих стоять в пробках на личных автомобилях.'),(671,175,1,' Пассажиропоток в общественном транспорте столицы может вырасти на 120 млн'),(672,175,2,'19/01/2012'),(673,176,3,'Москва||дороги'),(674,176,5,'Интеллектуальная транспортная система (ИТС), которую планируют внедрить власти Москвы, разрабатывается на основе анализа транспортных потоков в городе. Об этом сообщил сегодня журналистам заместитель мэра Москвы по вопросам транспорта Николай Лямов.||По его словам, ИТС позволит отслеживать ситуацию на дорогах. На основных магистралях столицы уже установлено 1,3 тыс. детекторов – они стали одним из первых шагов по внедрению ИТС. «Мы уже понимаем движение, потоки машин. На сегодняшний день можем анализировать потоки по всему городу и на основе этого ведем подготовку по созданию транспортной модели движения и новой маршрутной сети», – отметил Лямов. Как ожидается, внедрение ИТС позволит снизить аварийность на дорогах столицы на четверть.||Напомним, работа по созданию ИТС была начата в 2011 году по инициативе мэра Москвы Сергея Собянина. В 2012 году она «примет масштабный характер внедрения».||Ранее Н. Лямов пояснял, что внедрение ИТС предусматривает, в частности, создание единого диспетче'),(675,176,1,'Власти Москвы рассказали о ходе внедрения интеллектуальной транспортной системы'),(676,176,2,'19/01/2012'),(677,177,3,'российский авторынок'),(678,177,5,'В 2012 году темпы увеличения объема продаж легковых автомобилей в России замедлятся по сравнению с 2011 годом, прогнозирует агентство PricewaterhouseCoopers (PwC). В соответствии с оптимистичным прогнозом продажи составят 2 млн 600 тыс. (плюс 4% по сравнению с 2011 г.).||«В дальнейшем мы ожидаем замедления темпов роста и полагаем, что в 2012 г. объемы продаж новых легковых автомобилей (без учета легких коммерческих автомобилей) не превысят 2,6 млн. А при доминировании негативных факторов объемы продаж могут снизиться и до 2,3 млн», – сообщил журналистам руководитель практики по оказанию услуг компаниям автомобильной отрасли PwC Стенли Рут.||По данным PwC, импорт новых иномарок в 2011 г. в Россию вырос на 38% и составил 840 тыс. автомобилей. Как полагает агентство, в 2012 г. можно ожидать как незначительного роста, так и снижения объемов импорта новых легковых автомобилей, конечный показатель будет зависеть от курсов валют.||На протяжении последних двух лет происходило активное оживлени'),(679,177,1,'PwC: в 2012 году увеличение объема продаж на российском авторынке замедлится'),(680,177,2,'19/01/2012'),(681,178,3,'Москва||дороги'),(682,178,5,'Власти столицы собираются ввести правило, разрешающее автомобилям проезд по выделенным полосам для общественного транспорта в выходные дни. Об этом сегодня, 19 января, сообщил руководитель столичного департамента транспорта и развития дорожно-транспортной инфраструктуры Максим Ликсутов.||По поручению мэра Москвы Сергея Собянина соответствующие документы будут разработаны до конца января. После рассмотрения можно будет приступить к технической реализации полезного для автомобилистов нововведения: на дорогах понадобятся дополнительные дорожные знаки и электронные табло.||Напомним, два дня назад городские власти называли дальнейшую организацию выделенных полос одной из приоритетных задач на ближайшие годы. Возможно, новое правило, позволяющее водителям легковых автомобилей заезжать на эти полосы хотя бы по выходным, несколько примирит с ними столичных автолюбителей.'),(683,178,1,'В выходные по выделенным линиям разрешат ездить всем'),(684,178,2,'19/01/2012'),(685,179,3,'BMW||новинки||шпионские фото'),(686,179,5,'BMW 135i M попалась фотошпионам во время дорожных тестов. Камуфляж скрывает очень немногое, можно рассмотреть почти все линии кузова. Увеличенные воздухозаборники придают модели более агрессивный вид, а сзади видны две выхлопные трубы, расположенные по обе стороны от номерной таблички.||Под капотом нового поколения BMW 1-й серии 3,0-литровый турбодвигатель мощностью 326 л.с., работающий в паре с шестиступенчатой механической коробкой передач или семиступенчатой автоматической трансмиссией с двойным сцеплением.||Напомним, на автосалоне в Женеве BMW обещает показать несколько «заряженных» автомобилей в рамках новой тюнинг-программы BMW M Performance Automobiles. BMW 135i M – самая мощная модель этого ряда.'),(687,179,1,'BMW 135i M проходит дорожные тесты почти без камуфляжа. ФОТО'),(688,179,2,'19/01/2012'),(689,180,3,'Volkswagen||электромобили||новинки||Детройт-2012'),(690,180,5,'Концепт электромобиля E-Bugster так понравился посетителям автосалона в Детройте, на котором он был представлен, что в Volkswagen всерьез рассматривают возможность запустить его в серийное производство. Во время презентации электрокара было указано, что E-Bugster создан для демонстрации новых дизайнерских и технологических решений, над которыми работают в компании.||Дизайнер Volkswagen Марк Лихтер, работавший над концептом, уверен, что появление серийного E-Bugster – только вопрос времени. В компании убедились, что автомобиль будет пользоваться спросом, осталось только разработать бизнес-план.||Напомним, под капотом концепта – электромотор мощностью 85 л.с., питающийся от литиево-ионных батарей. Запас хода электрокара составляет 160 километров, а зарядить батареи можно как от 120-вольтовой, так и от 240-вольтовой сети. На станции зарядить машину на 80% можно всего лишь за полчаса.'),(691,180,1,'Volkswagen решил запустить электрокар E-Bugster в серийное производство'),(692,180,2,'19/01/2012'),(693,181,3,'Mercedes-Benz||новинки'),(694,181,5,'В интернете появилось шпионское видео нового Mercedes-Benz A-класса, пойманного камерой во время дорожных тестов. Дизайн будущей новинки тщательно скрыт камуфляжем, но он в целом и так уже известен: концепт данной модели был представлен на автосалоне в Пекине в начале 2011 года, а позже компания опубликовала несколько изображений серийной версии.||Как ожидается, автомобиль получит линейку двигателей, аналогичную той, что получила модель В-класса: пять бензиновых двигателей мощностью от 108 до 201 л.с. и четыре дизеля мощностью от 120 до 201 л.с.||Через некоторое время после того, как новинка поступит на рынок, появится и версия AMG. Вероятно, она получит 2,0-литровый турбомотор мощностью до 350 л.с., трансмиссию с двойным сцеплением и полный привод.||<center><iframe width=\"640\" height=\"360\" src=\"http://www.youtube.com/embed/4BwtwXIBC1E?feature=player_embedded\" frameborder=\"0\" allowfullscreen></iframe></center><br><br>'),(695,181,1,'Mercedes-Benz A-класса нового поколения проходит дорожные тесты'),(696,181,2,'19/01/2012'),(697,182,3,'Chevrolet||мировой авторынок'),(698,182,5,'За 2011 год на мировом авторынке было продано 4,76 млн автомобилей Chevrolet, что является мировым рекордом. В компании уверены: секрет успеха марки в том, что в модельном ряду есть автомобили, предназначенные для самых разных условий вождения и отвечающие требованиям самых разных клиентов.||Больше всего автомобилей Chevrolet было продано в США: 1 775 812, что на 13% больше, чем в 2010 году. На втором месте – Бразилия (632 201 штука), а на третьем – Китай (595 068 штук). Резко увеличился объем продаж и в ряде других стран, таких как Вьетнам (+79%), Россия (+49%), Турция (+30%) и Германия (+21%).||Самым большим спросом в ушедшем году пользовался компактный седан Cruze: было продано более 670 000 автомобилей. Таким образом, Chevrolet Cruze стал абсолютным бестселлером бренда: за суммарное время продаж, которые начались в 2009 году, продано было 1,13 млн автомобилей.||Стоит отметить, что в России Chevrolet остается продаваемым брендом уже пятый год подряд. В 2011 году объем его продаж сос'),(699,182,1,'Chevrolet установил мировой рекорд по продажам'),(700,182,2,'20/01/2012'),(701,183,3,'Citroen'),(702,183,5,'На заводе Citroen в Калуге будут производить Citroen С-класса в кузове седан. Как сообщил генеральный директор Citroen в России Жан-Луи Шамла, новый автомобиль поступит в продажу в первой половине лета 2013 года.||Автокомпания оценивает российский рынок как очень перспективный и планирует уже в текущем году увеличить продажи на 40%. В соответствии с минимальным планом на ближайшие годы объем продаж должен ежегодно увеличиваться хотя бы на 10 000 автомобилей.||В наступившем году Citroen выпустит на российский рынок сразу несколько моделей: уже в марте начнутся продажи премиального хэтчбека DS4, в апреле появится С4 Aircross, в мае – С1, а в июне – DS5.||Напомним, завод в Калуге построен альянсом Peugeot-Citroen-Mitsubishi. Его производственная мощность составляет 125 тысяч автомобилей в год с возможностью расширения до 300 тысяч машин.'),(703,183,1,'Citroen планирует производить седан С-класса в России'),(704,183,2,'20/01/2012'),(705,184,3,'мировой авторынок||цены'),(706,184,5,'В Беларуси принят закон, в соответствии с которым дилеры при уплате НДС больше не смогут платить 20% налога не с общей стоимости автомобиля, а с разницы между ценой ее покупки и ценой ее продажи. Цены на импортируемые автомобили взлетят на 16-18% в самое ближайшее время: с 24 января.||Подорожают не только новые машины, но и автомобили на вторичном рынке, предсказывают эксперты. После повышения таможенных пошлин для физических лиц пригонять авто из ближнего зарубежья стало нерентабельно, а значит, этот сегмент вторичного рынка уже практически исчез. Купленные после грядущего подорожания автомобили со временем будут продавать, опираясь на сумму, которую пришлось уплатить за них изначально. Средние цены на б/у машины поднимутся, и те, кто успели купить автомобиль до отмены льгот дилерам, при перепродаже станут ориентироваться на них. Конечно, рост цен на вторичном рынке будет не столь резким, но постепенно стоит ожидать увеличения стоимости б/у автомобилей на те же 16%.'),(707,184,1,'В Беларуси отменили таможенные льготы для автодилеров'),(708,184,2,'20/01/2012'),(709,185,3,'дороги||Москва'),(710,185,5,'В Москве с 12 по 18 января 2012 г. выявлено 58 нарушений при строительстве дорог. Как сообщает пресс-служба Комитета государственного строительного надзора города Москвы (Мосгосстройнадзор), наибольшее количество нарушений при строительстве дорог допущено на следующих объектах: участок магистрали Четвертого транспортного кольца от шоссе Энтузиастов до Измайловского шоссе (2-й пусковой комплекс); реконструкция Дмитровского шоссе от Малого кольца МЖД до Коровинского шоссе; дорога и инженерные коммуникации для микрорайона 9-го района Северный; реконструкция Каширского шоссе от МКАД до Варшавского шоссе.||При производстве строительных работ нарушались правила техники производства, а также нормы безопасности. 18 нарушений устранены в ходе проверок, еще 40 нарушений находятся на стадии устранения и на контроле Мосгосстройнадзора. По всем нарушениям приняты меры административного воздействия.'),(711,185,1,'В Москве за неделю выявили 58 нарушений при строительстве дорог'),(712,185,2,'19/01/2012'),(713,186,3,'народные гаражи||Москва||парковка'),(714,186,5,'Власти Москвы намерены оформить имущественные права на 11 300 машино-мест в «народных гаражах» в собственность покупателей в I квартале 2012 г. Как сообщает комплекс градостроительной политики и строительства столицы, во II квартале планируется оформить еще почти 1800 машино-мест. Оставшиеся примерно 4000 машино-мест будут оформлены в заявленные сроки после сдачи гаражей в эксплуатацию.||По последним данным, в рамках программы «Народный гараж» заключено 18 908 договоров долевого участия. Тринадцать тысяч машино-мест в построенных «народных гаражах» уже используются по своему назначению, однако многие владельцы гаражей до сих пор не имеют права собственности на свои машино-места.||В городе существует проблема с оформлением имущественных прав по уже введенным объектам программы «Народный гараж». Вызвана она, по мнению властей, прежде всего межведомственными сбоями документооборота: Московское городское БТИ до недавнего времени выдавало документы, которые не принимали в Российском государ'),(715,186,1,'Владельцев «народных гаражей» наконец оформят собственниками'),(716,186,2,'19/01/2012'),(717,187,3,'Москва||ЧП||пробки'),(718,187,5,'На перекрестке Липецкой и Лебедянской улиц в Москве отключились все светофоры. ЧП произошло из-за повреждения электронного блока, которым управляются несколько светофоров, пишет <a href=\"http://www.ria.ru/\" target=\"_blank\">РИА «Новости»</a>. Дорожная обстановка на перекрестке сильно осложнилась, машины двигаются хаотично, создавая аварийные ситуации. Пешеходы перебегают шестиполосную трассу на свой страх и риск.||Электронный блок нескольких светофоров сломался из-за аварии, произошедшей на перекрестке еще утром: во время ДТП автомобиль врезался в стойку пешеходного светофора и сбил ее.'),(719,187,1,'На оживленном перекрестке в Москве отключились все светофоры'),(720,187,2,'19/01/2012'),(721,188,3,'Москва||парковки'),(722,188,5,'Власти Москвы намерены в 2012 г. принять закон о парковочной деятельности в городе. Как сообщает комплекс градостроительной политики и строительства города, сейчас идет разработка законопроекта, работа над документом будет завершена в ближайшее время, после чего его направят на согласование.||Закон о парковочной деятельности определит нормативную базу для организации и эксплуатации парковок в столице. На данный момент в правовом поле не существует даже такого понятия, как «парковка». В федеральном законодательстве есть только определения «стоянки» и «остановки», а «парковки» – нет. Попытки подготовить проект закона предпринимались в 2007 г., 2010 г. и 2011 г., но по различным причинам не прошли согласования.||Принять закон столичные власти планируют до 1 июля 2012 г. В дополнение к закону необходимо будет еще разработать общегородские правила парковки, а также единую для Москвы тарифную политику.'),(723,188,1,'Власти Москвы намерены в 2012 г. принять закон о парковке'),(724,188,2,'19/01/2012'),(725,189,3,'Москва||власти||экология'),(726,189,5,'Въезд автомобилей «Жигули» в центр столицы не собираются ограничивать, сообщил сегодня, 19 января, руководитель департамента транспорта и развития дорожно-транспортной инфраструктуры столицы Максим Ликсутов.||Напомним, с начала этого года въезд в центр города ограничен для грузовиков с экологическими характеристиками ниже стандарта Евро-4. В ближайшее время будет рассмотрен законопроект, предлагающий запретить въезд в центр и автомобилям, не соответствующим экологическому стандарту Евро-3. Ни «Жигули», ни произведенные до начала 2000-х иномарки этому стандарту не соответствуют.||«Главное, чтобы машина была технически исправна, а владелец должен соблюдать правила, и тогда проблем у него не будет», – подчеркнул М. Ликсутов.'),(727,189,1,'«Жигулям» не будут запрещать въезд в центр Москвы'),(728,189,2,'19/01/2012'),(729,190,3,'Volkswagen||Beetle||кабриолет||шпионские фото||spy photo'),(730,190,5,'Фотографы-шпионы «поймали» в объективы своих фотокамер новый кабриолет Volkswagen Beetle. Модель дебютирует в этом году. Автомобиль оснащен складываемой тканевой крышей последнего поколения. Кабриолет получил такое же ветровое стекло, заднюю часть и линию крыши, что и концепт-кар Volkswagen E-Bugster, представленный в Детройте в этом месяце.||В продаже в Европе новое купе Volkswagen Beetle появится в апреле этого года, в то же время должно было стартовать производство открытой версии модели на заводе в Мексике. Однако по последним данным запуск производства кабриолета был отложен на несколько месяцев.||Оснащаться Volkswagen Beetle Cabriolet будет теми же двигателями, что и купе: бензиновыми моторами объемом 1,2 л (104 л.с.), 1,4 л (158 л.с.) и 2 л (197 л.с.), а также дизельными агрегатами объемом 1,6 л (104 л.с.) и 2 л (138 л.с.).'),(731,190,1,'Volkswagen тестирует новый кабриолет Beetle'),(732,190,2,'19/01/2012'),(733,191,3,'General Motors||технологии'),(734,191,5,'В General Motors компьютеризируют... стекла пассажирских окон автомобилей. Компания работает над созданием прозрачных интерактивных дисплеев, которые станут частью стекол. Значительную часть целевой аудитории разработки составляют дети, но некоторые приложения наверняка порадуют и взрослых. Для участия в разработке технологической новинки концерн привлек студентов старшего курса Академии художеств «Бецалель».||Среди уже готовых приложений – программа, позволяющая рисовать на стекле, и симпатичный персонаж Отто, который бежит (или летит, в зависимости от скорости движения) вровень с автомобилем, вписываясь в пейзаж за окном. Кроме того, есть программа GPS-навигации, с помощью которой пассажир в случае надобности сможет стать штурманом. Еще одно приложение сообщает подробные данные о работе всех систем автомобиля.||Сенсорный дисплей умеет распознавать почерк: очертания букв можно рисовать прямо пальцем, причем на окне отобразятся не ваши каракули, а красивые ровные буквы. Надпись можно «'),(735,191,1,'General Motors заменит задние стекла автомобилей интерактивными дисплеями. ВИДЕО'),(736,191,2,'20/01/2012'),(737,192,3,'Saab||Youngman||мировой автопром'),(738,192,5,'Youngman не сдается: китайский автопроизводитель снова заявил о желании возродить Saab. Он готов заплатить нынешнему владельцу бренда, Swedish Automobile, 731 млн долларов. Именно такую сумму в Youngman готовы инвестировать в возможность создавать новые авто на базе последней платформы Saab Phoenix.||На следующей неделе высшее руководство Youngman во главе с генеральным директором и по совместительству владельцем компании прибудет в штаб-квартиру Swedish Automobile. В том случае, если стороны договорятся, производство Saab 9-3 начнется через 15 недель после подписания необходимых бумаг.||Напомним, ранее Youngman неоднократно пытался выкупить Saab у General Motors, но в GM оказались непреклонны: делиться своими разработками с китайцами автоконцерн не пожелал. Однако для совершения новой сделки согласие GM не потребуется, так как платформа Phoenix разрабатывалась без привлечения специалистов концерна.'),(739,192,1,'Youngman не оставляет надежд возродить Saab'),(740,192,2,'20/01/2012'),(741,193,3,'Москва||дороги'),(742,193,5,'Тендерный комитет Москвы начал рассмотрение заявок на участие в торгах по реконструкции Балаклавского проспекта и Ярославского шоссе. В торгах на право заключения госконтракта на выполнение подрядных работ по лоту «Реконструкция Балаклавского проспекта – Рублевского шоссе от МКАД до Варшавского шоссе» участвуют пять компаний. Начальная цена контракта – 8 млрд 90 млн руб.||На право заключения контракта на реконструкцию Ярославского шоссе от МКАД до Садового кольца претендуют три компании. Стартовая стоимость – 9 млрд 580 млн руб.||В рамках реализации проектов планируется расширение проезжей части, строительство новых и реконструкция существующих местных и боковых проездов, устройство эстакад, транспортных развязок, строительство подземных пешеходных переходов, благоустройство и озеленение. По условиям конкурсной документации срок выполнения работ не должен превышать 24 месяцев.'),(743,193,1,'Москва рассмотрит заявки на ремонт Балаклавского пр. и Ярославского ш.'),(744,193,2,'20/01/2012'),(745,194,3,'дороги||финансы'),(746,194,5,'Премьер-министр РФ Владимир Путин обещает изменить ситуацию с качеством российских дорог в лучшую сторону. Произойти это должно к чемпионату мира по футболу, который пройдет в 2018 году в России. Об этом пишет <a href=\"http://www.ria.ru/\" target=\"_blank\">РИА «Новости»</a>.||«Уверен, что к 2018 году мы ситуацию изменим, обязаны изменить», – сказал он на неформальной встрече с футбольными болельщиками после того, как один из участников встречи пожаловался на качество российских дорог. «Вопросы в недофинансировании, имею в виду огромные размеры страны», – ответил на это глава правительства.||В. Путин напомнил, что в прошлом году были созданы региональные дорожные фонды, в которые поступают акцизы от продажи бензина. По его словам, за счет повышения акцизов на бензин в региональные фонды в этом году должно попасть более 90 млрд рублей.||В тех случаях, где на строительстве дорог наживаются, виновных «надо ловить и сажать в тюрьму», заявил он.'),(747,194,1,'В. Путин обещает, что дороги станут лучше уже через 5 лет'),(748,194,2,'20/01/2012'),(749,195,3,'бензин||цены||власти'),(750,195,5,'Министерство энергетики РФ и нефтяные компании пришли к соглашению по вопросу розничных цен на горюче-смазочные материалы (ГСМ). «Несмотря на рост акцизов с 1 января 2012 года, у нас есть принципиальная договоренность с нефтяными компаниями, с участниками рынка ГСМ о неповышении цен на энергоносители, на ГСМ в рознице», – отметил глава ведомства Сергей Шматко. Он также рассказал, что Минэнерго организовало систему мониторинга цен на бензин на автозаправках. Особенно внимательно будут следить за стоимостью бензина на АЗС, принадлежащих независимым операторам. Цены должны оставаться на том же уровне, на каком они были в декабре 2011 года.||Напомним, что в начале прошлого года на внутреннем рынке нефтепродуктов РФ из-за роста акцизов резко повысились цены на топливо, а после и вовсе возник дефицит. Для решения этой проблемы правительство РФ установило заградительную пошлину на бензин в размере 90% от ставки пошлины на нефть, которая действует по сей день. Кроме того, был продлен срок дейс'),(751,195,1,'Минэнерго проконтролирует стоимость бензина на АЗС'),(752,195,2,'20/01/2012'),(753,196,3,'Grandeur||Hyundai||новинки||седаны'),(754,196,5,'Компания «Хендэ Мотор СНГ» объявила о скором старте российских продаж Grandeur нового поколения. Продажи модели начнутся во втором квартале 2012 года.||Созданный в рамках концепции «grand glide», Hyundai Grandeur получил плавные линии кузова, массивную решетку радиатора, светодиодные фары и широкий задний бампер.||Модель оснащена увеличенной на 65 мм по сравнению с предыдущей версией колесной базой (2845 мм), в результате чего увеличился салон машины. Габариты нового Grandeur также больше, чем у предыдущего поколения: общая длина составляет 4910 мм, ширина – 1860 мм и высота – 1470 мм.||Седан оснащен двигателем Lambda II 3,0 л мощностью 250 л.с. c непосредственным впрыском и шестиступенчатой автоматической коробкой передач. В качестве опций для Grandeur будут доступны панорамный люк, кожаные сиденья Nappa с подогревом, электропривод водительского сиденья с регулировкой по 14 положениям и электронный ключ запуска двигателя.||Стоимость автомобиля пока не сообщается.'),(755,196,1,'Hyundai запускает российские продажи нового Grandeur'),(756,196,2,'20/01/2012'),(757,197,3,'регионы||дороги'),(758,197,5,'Автолюбитель выиграл тяжбу против городских властей, не позаботившихся о состоянии дорог в зимнее время года. Забайкальский краевой суд обязал мэрию Читы выплатить истцу 70 тысяч рублей.||В марте 2011 года житель Читы попал в ДТП из-за ледяного наката, скрывшего под собой дорожное полотно. Водитель потерял управление на скользкой дороге и протаранил другой автомобиль, припаркованный на обочине. Оценив ситуацию, он обратился в Центральный райсуд города. Размер ущерба он оценил более чем в 145 тысяч рублей, объясняя, что данная сумма покрывает ремонт его автомобиля, который сильно пострадал при столкновении.||Изначально суд частично удовлетворил его иск, несколько снизив размер компенсации – до 133 тысяч рублей. По рассмотрении дела ответчиком был определен комитет жилищно-коммунального хозяйства администрации города. Но затем судебная коллегия Забайкальского краевого суда приняла другое решение: она уменьшила сумму компенсации до 70 тысяч рублей, объясняя это тем, что часть вины лежит и'),(759,197,1,'Автолюбитель заставил ЖКХ платить за ремонт пострадавшей в ДТП машины'),(760,197,2,'20/01/2012'),(761,198,3,'ДТП'),(762,198,5,'В результате дополнительной экспертизы по делу о ДТП с участием автомобиля вице-президента ЛУКОЙЛа Анатолия Баркова было установлено, что в момент столкновения Mercedes-Benz S500 Баркова находился на полосе встречного движения. Напомним, <a href=\"http://www.autonews.ru/autobusiness/news.shtml?/2011/08/12/1694523\">авария стоила жизни двум женщинам</a>, находившимся в автомобиле Сitroen C3, – врачам Ольге Александриной и Вере Сидельниковой. Эксперты также установили, что на правом переднем крыле автомобиля ЛУКОЙЛа были повреждения, которые искусственно замаскированы.||По результатам проведенного непосредственно после трагедии расследования виновной в ДТП была признана водитель Citroen. Дело было закрыто в связи с ее смертью. Однако позже адвокатам погибших удалось добиться от Конституционного суда РФ признания норм Уголовно-процессуального кодекса РФ, позволяющих прекратить уголовное дело в связи со смертью подозреваемого без согласия его близких родственников, не соответствующими Консти'),(763,198,1,'В момент столкновения авто вице-президента ЛУКОЙЛа двигалось по встречной полосе'),(764,198,2,'20/01/2012'),(765,199,3,'автострахование||ОСАГО||техосмотр||законы'),(766,199,5,'Покинул свой пост президент Российского союза автостраховщиков (РСА) Павел Бунин. Сам Бунин комментировать ситуацию отказался, но ясно, что это решение связано с критической ситуацией по выдаче полисов ОСАГО, которая привязана к техосмотру по новому закону о ТО.||О том, что в системе проведения техосмотра по новому образцу есть значительные недоработки, говорили еще в конце минувшего года. Во-первых, несмотря на ряд принятых в последний момент экстренных мер, талонов техосмотра всем не хватило. Ни новых, ни даже старых, действие которых продлили до апреля. Во-вторых, не готова инфраструктура: в некоторых регионах до сих пор ощущается острая нехватка аккредитованных пунктов техосмотра.||Напомним, выдача полисов ОСАГО в соответствии с новым законом привязана к прохождению ТО. То есть от невозможности пройти техосмотр страдают и страховщики, уже предсказывающие 10%-ное падение объема сборов от автострахования, и автолюбители. Новый техосмотр не только пока не стал более простым для обычны'),(767,199,1,'Президент РСА Павел Бунин покинул пост из-за критической ситуации с ТО'),(768,199,2,'20/01/2012'),(769,200,3,'АвтоВАЗ||отзывы||российский авторынок'),(770,200,5,'В автомобилях Lada Granta обнаружен дефект. Первая партия автомобилей уже доставлена дилерам для передачи будущим владельцам, оформившим в прошлом году предварительный заказ. Очевидно, для многих владельцев конечной целью чуть ли не первой поездки на новом авто станет гарантийный сервисный центр, где электропроводка контроллера электронной системы управления двигателем получит дополнительную герметизацию. Без нее автомобиль может в любой момент заглохнуть на ходу.||АвтоВАЗ признал брак и подчеркнул, что его можно легко и быстро устранить, что и будет сделано. Точное количество отзываемых автомобилей в компании не назвали. Ту часть автомобилей, что еще находится у дилеров, подлатают до продажи, но часть машин уже передана клиентам.||В АвтоВАЗе обещали, что в дальнейшем на всех выпускаемых автомобилях Lada Granta проблемная электропроводка будет снабжена дополнительным бандажем.'),(771,200,1,'АвтоВАЗ отзывает все проданные Lada Granta'),(772,200,2,'20/01/2012'),(773,201,3,'цены||бензин'),(774,201,5,'Потребительские цены на бензин в среднем по России в период с 10 по 16 января 2012 г. снизились на 0,2% и на 16 января с. г. составили 26,95 руб./л, сообщает Федеральная служба государственной статистики (Росстат).||При этом цена на бензин марки Аи-92 уменьшилась на 0,2% – до 26,27 руб./л, марки Аи-95 – на 0,1%, до 28,32 руб./л. Цены на дизельное топливо выросли на 0,1% – до 27,87 руб./л.||Снижение средних цен на бензин зарегистрировано в 33 центрах субъектов РФ, в том числе в Иркутске – на 1,4%, до 27,87 руб./л. В 45 центрах субъектов РФ цены на бензин остались на уровне предыдущей недели. Удешевление бензина было зафиксировано в пяти центрах субъектов РФ, в том числе в Брянске – на 0,3%, до 25,82 руб./л.||В Москве цены на бензин в среднем за неделю повысились на 0,1% – до 27,67 руб./л, в Санкт-Петербурге – остались на уровне 27,17 руб./л.'),(775,201,1,'В России цены на бензин стали снижаться, в Москве – продолжают рост'),(776,201,2,'20/01/2012'),(777,202,3,'угоны'),(778,202,5,'Молодая жительница Тольятти, выйдя во двор прогреть свое авто, не обнаружила его на месте и немедленно заявила в полицию. Как сообщили в пресс-центре ГИБДД по региону, в городе и окрестностях был объявлен план «Перехват», в ходе которого автомобиль был найден и возвращен владелице, а преступник – арестован.||Горе-угонщика поймали на трассе, причем пешим: он не обращал внимания, что топлива в баке только что угнанной машины не так уж много, пока оно не кончилось. Видимо, бросать машину – ВАЗ-2106 – ему показалось жалко, и он остался на трассе, надеясь, что кто-нибудь из проезжающих поделится с ним бензином. Стоит отметить, что себя грабитель «заправил» вполне основательно: задержавшие его полицейские и без алкотестера поняли, что он пьян.||В отношении него возбуждено уголовное дело по ч. 1 статьи 166 УК РФ (неправомерное завладение автомобилем или иным транспортным средством). Данное преступление наказывается лишением свободы на срок до пяти лет.'),(779,202,1,'Пьяный автоугонщик пытался выпросить бензин для украденной машины'),(780,202,2,'20/01/2012'),(781,203,3,'Fiat||новинки'),(782,203,5,'Фотошпионам удалось поймать новый FIAT Ellezero в объектив камеры в тот момент, когда автомобиль проходил дорожные тесты. Насколько можно судить, учитывая, что автомобиль весьма основательно укутан камуфляжем, дизайн Ellezaro выполнен в стиле, схожем со стилем FIAT 500.||Салон выглядит почти по-спартански: просто и лаконично. Кресла с двухцветной обивкой и контрастной прострочкой, металлическая отделка панелей. Задним пассажирам может оказаться тесновато. Скорее всего, Ellezero получит линейку двигателей, аналогичную линейке агрегатов FIAT 500. Автомобиль будет представлен на автосалоне в Женеве. Его продажи в Европе должны стартовать до конца этого года.'),(783,203,1,'Фотошпионам удалось поймать новый FIAT Ellezero'),(784,203,2,'20/01/2012'),(785,204,3,'ГИБДД-ГАИ'),(786,204,5,'В Кирове за получение взятки задержан начальник областного управления ГИБДД полковник полиции Александр Усцов. Как сообщили в правоохранительных органах региона, в субботу, 21 января, А.Усцов в служебном кабинете получил взятку от индивидуального предпринимателя за выдачу последнему автомобильного номера, содержащего в серии буквы «ТТТ».||А.Усцов был взят с поличным, однако сумма взятки стала неожиданностью для полицейских: она составила 10 тысяч рублей, тогда как по имевшимся у следователей данным, Усцов должен был получить куда более крупную сумму - от 200 до 250 тысяч рублей.||Против подозреваемого возбуждено уголовное дело. Напомним, в мае прошлого года уже заходила речь о возможной отставке А.Усцова из-за якобы обнаруженных нарушений по службе, но тогда пресс-служба ГИБДД опровергла эту информацию.'),(787,204,1,'Начальник управления ГИБДД торговал «красивыми» номерами'),(788,204,2,'23/01/2012'),(789,205,3,'Volkswagen||Porsche||автобизнес||мировой автопром'),(790,205,5,'Volkswagen AG рассматривает возможности покупки оставшихся 50,1% акций Porsche до ноября 2012 года. Об этом сообщает РИА Новости со ссылкой на агентство Dow Jones. ||Porsche обладает опционом пут на продажу 50,1% своих акций в период с 15 ноября 2012 года по 14 января 2013 года, а Volkswagen может исполнить опцион колл на покупку акций Porsche в период с марта по апрель 2013 года. Однако, по данным агентства, Volkswagen в настоящее время рассматривает другие возможности по интеграции Porsche для того, чтобы объединение произошло как можно раньше. В то же время отмечается, что окончательное решение по срокам слияния компаний пока не принято. ||Напомним, в декабре 2009 года Volkswagen приобрел 49,9% акций Porsche. Сумма сделки составила 3,9 млрд евро. Компания также подтвердила свое намерение полностью завершить объединение с Porsche в 2011 г. После полного слияния Volkswagen и Porsche в Германии возникнет мощнейший в Европе автогигант, владеющий десятью автомобильными брендами.'),(791,205,1,'Volkswagen может полностью купить Porsche в этом году'),(792,205,2,'23/01/2012'),(793,206,3,'ГИБДД-ГАИ||регионы'),(794,206,5,'ГИБДД сможет удаленно определять водителей, садящихся за руль в состоянии алкогольного опьянения. Приборы для дистанционного определения паров алкоголя в движущемся автомобиле, алколазеры, прошли сертификацию и <a href=\"http://www.autonews.ru/autobusiness/news.shtml?/2011/10/24/1705375\">появятся на дорогах страны уже в ближайшее время</a>. «Первая партия приборов направится в Петербург, где с ними начнут работать местные автоинспекторы», – рассказал начальник Центра оперативной криминалистической и поисково-досмотровой техники Александр Романов.||Следующие партии отправятся в Сочи и Казань. Пока алколазеры устанавливаются в тестовом режиме: предстоит проверить, как они работают в разных климатических условиях, погодных условиях и так далее. Заявляется, что приборы способны распознавать пары этанола при концентрации от 150 мкг/л в салоне машины, едущей со скоростью 5-150 км/ч, причем буквально за доли секунды.||Стоит отметить, что алколазер не может различить, кто именно из находящихся '),(795,206,1,'На дорогах России появятся алколазеры'),(796,206,2,'23/01/2012'),(797,207,3,'Chevrolet||General Motors||гибриды'),(798,207,5,'По результатам проверки литиево-ионных батарей Chevrolet Volt Национальная администрация безопасности дорожного движения США (NHTSA) признала автомобили этой модели не более пожароопасными, чем простые машины с бензиновыми двигателями. Стоит отметить, что General Motors уже две недели производит замену батарей этих электрокаров в рамках отзыва, вызванного реакцией автолюбителей на расследование NHTSA. Напомним, проверка была начата после инцидента летом 2011 года, когда по непонятным причинам гибридный Chevrolet Volt загорелся прямо на парковке тестового центра NHTSA.||В отчете NHTSA названа наконец причина возгорания автомобиля. Во время одного из краш-тестов при боковом столкновении автомобиля с препятствием треснула оболочка батарей, в результате чего внутрь их попала охлаждающая жидкость. В одном из последующих тестов автомобиль подвергли вращению, из-за чего охлаждающая жидкость разлилась еще дальше. Позже машина была на долгое время оставлена на парковке, где регулярно перегревал'),(799,207,1,'Батареи Chevrolet Volt признаны безопасными'),(800,207,2,'23/01/2012'),(801,208,3,'Ferrari'),(802,208,5,'Автопроизводители уж не раз представляли машины с полностью хромированным кузовом, такие как Audi R8 V10 и McLaren MP4-12C. Но хромированное авто на гоночном треке встречается нечасто. Именно такую картину удалось запечатлеть фотографу на Интернациональном автодроме в Палм-Бич, где в минувшие выходные прошли заезды в рамках Cavallino Classic – ежегодного съезда поклонников Ferrari.||Как сообщили нынешние владельцы сверкающей машины из Ferrari of Ft. Lauderdale, они взяли тот самый автомобиль, который выступал в гонках прошлого сезона, и преобразили его таким образом. Теперь Ferrari 458 Challenge на треке более чем когда-либо напоминает пулю. Облик машины изменили преимущественно в рекламных целях, и основную свою задачу она уже выполнила. В скором времени автомобиль будет продан. Пока не сообщается, где, как и за какую сумму его можно будет приобрести.'),(803,208,1,'Во Флориде хромировали кузов Ferrari 458 Challenge. ФОТО'),(804,208,2,'23/01/2012'),(805,209,3,'Saab||мировой авторынок'),(806,209,5,'Дальнейшей судьбой Saab заинтересовалась турецкая компания Brightwell Holdings. Представитель правления фирмы заявил, что в ближайшие две недели их эксперты оценят активы Saab, после чего будет выдвинуто инвестиционное предложение. Не исключено, что именно Brightwell Holdings и была той неназванной турецкой компанией, что интересовалась обанкротившимся автопроизводителем в прошлом году.||В Турции нет собственных автопроизводителей, хотя в стране размещены заводы Ford, Fiat и Renault. В том случае, если Saab перейдет к Brightwell Holdings, производство останется на прежнем месте. Эксперты отмечают, что подобная сделка может сыграть положительную роль в решении вопроса о вступлении Турции в Европейский союз.||Напомним, Youngman должен предложить свою цену за Saab уже на следующей неделе. По некоторым данным, эта сумма может превысить миллиард евро.'),(807,209,1,'Дальнейшей судьбой Saab заинтересовались турки'),(808,209,2,'23/01/2012'),(809,210,3,'ГИБДД-ГАИ'),(810,210,5,'ГУ МВД России по Санкт-Петербургу и Ленобласти опубликовало официальное разъяснение ситуации с регистрационными пунктами в регионе. В настоящее время в области идет оптимизация работы межрайонных регистрационно-экзаменационных отделений (МРЭО), которые с 1 января более не размещаются на территории частных структур. Договоры с компаниями были расторгнуты для предотвращения коррупции, в настоящее время все МРЭО располагаются в помещениях, принадлежащих ГУ МВД.||Жители региона, желающие осуществить регистрационные действия, могут обратиться в любое МРЭО региона независимо от места прописки. В рамках оптимизации работы отделений будут созданы электронные очереди, увеличено количество регистрационных окон, а в дальнейшем планируется перевод отделений на круглосуточный режим работы. Особое внимание будет уделяться повышению качества предоставляемых услуг, подчеркнули в ГУ МВД.'),(811,210,1,'Регистрационные пункты в Петербурге массово переезжают на новые места'),(812,210,2,'23/01/2012'),(813,211,3,'ДТП'),(814,211,5,'Два человека погибли и еще трое пострадали в результате столкновения двух автомобилей в Свердловской области. Как сообщила пресс-служба управления ГИБДД по региону, ДТП произошло в воскресенье, 22 января, в районе города Нижние Серги. Водитель Skoda Octavia не справился с управлением на повороте и выехал на полосу встречного движения, где его автомобиль на полном ходу столкнулся с автомобилем Daewoo Matiz.||В результате ДТП пассажирка Daewoo и пассажирка Skoda скончались на месте. Водитель Daewoo с черепно-мозговой травмой, сотрясением мозга и ушибами доставлен в центральную районную больницу. Пассажирка Daewoo и пассажир Skoda также получили травмы. Пострадавшие доставлены в центральную районную больницу.'),(815,211,1,'Два человека погибли в результате вылета машины на полосу встречного движения'),(816,211,2,'23/01/2012'),(817,212,3,'криминал'),(818,212,5,'В Ростове-на-Дону задержаны трое участников организованной преступной группы (ОПГ), подозреваемых в серии краж из автомобилей, сообщает управление МВД России по городу. Преступники действовали по плану и в соответствии с отведенными им ролями: пока двое из них совершали кражу, третий ждал рядом в машине, чтобы в случае необходимости все трое могли быстро скрыться с места преступления.||«Нередко мужчины совершали кражу из автомобиля прямо в присутствии хозяина, а чаще хозяйки автомобиля. Один из них под разными предлогами отвлекал, а в это время его «коллега» обыскивал салон машины. Но чаще правонарушители прибегали к другому способу: произвольно выбирали автомобиль, в салоне которого лежали оставленные беспечным хозяином вещи, разбивали тяжелым предметом стекло, забирали все ценное и скрывались», – рассказали в полиции.||Задержанные арестованы, им инкриминируется ч. 2 ст. 158 Уголовного кодекса РФ (кража). В МВД отмечают, что все подозреваемые уже были судимы в прошлом.'),(819,212,1,'Полиция поймала преступников, совершивших серию автомобильных краж'),(820,212,2,'23/01/2012'),(821,213,3,'мировой авторынок||статистика'),(822,213,5,'По результатам 2011 года самыми популярными автомобилями на европейском рынке стали Volkswagen Golf и Polo, сообщает ведущая компания по аналитике мирового авторынка JATO Dynamics. За год было продано 484 547 автомобилей Golf, что на 1,6% меньше, чем в 2010-м, но все же позволило модели четвертый год подряд стать самой продаваемой на этом рынке.||Объем продаж Polo увеличился на 0,5% и составил 356 490 штук. Третью строчку в рейтинге занимает Ford Fiesta, продажи этой модели снизились на 13,3%, до 348 465 машин. Четвертое и пятое места заняли Opel/Vauxhall Corsa (313 325 проданных автомобилей, -1,7%) и Renault Clio (294 172 единицы, -13,1%).||Немалым спросом в ушедшем году пользовались обновленнные Volkswagen Passat и Ford Focus, а продажи Peugeot 508 почти в три раза обогнали показатели его предшественника Peugeot 407 в 2010 году.'),(823,213,1,'Volkswagen Golf в четвертый раз подряд стал самой продаваемой моделью в Европе'),(824,213,2,'23/01/2012'),(825,214,3,'General Motors||Corvette||новинки'),(826,214,5,'В минувшие выходные General Motors выставил на торги первый экземпляр модели Corvette 427 Convertible Collector Edition в рамках популярного у коллекционеров автомобилей аукциона Barrett-Jackson Scottsdale. Кабриолет был продан за 600 тысяч долларов. Вся сумма пошла на благотворительность.||Коллекционный Corvette 427 Convertible сочетает черты Z06 и ZR1 и является, по словам разработчиков, самой быстрой и мощной моделью в истории марки. Под его капотом 7,0-литровый двигатель LS7 мощностью 505 л.с., такой же как у Z06. Вес автомобиля снизили до 1522 кг, заменив значительную часть металлических кузовных панелей аналогичными панелями из углепластика. Автомобиль разгоняется с нуля до 100 км/ч за 3,8 секунды, его максимальная скорость превышает отметку в 305 км/ч. Это один из самых скоростных кабриолетов в мире.||Corvette 427 Convertible Collector Edition поступит в продажу в начале лета.'),(827,214,1,'GM продал с торгов первый экземпляр нового Corvette 427 Convertible'),(828,214,2,'23/01/2012'),(829,215,5,'На северо-западе столицы произошла крупная авария, передает <a href=\"http://www.ria.ru/\" target=\"_blank\">РИА «Новости»</a>. Источник уточняет, что в ДТП на Волоколамском шоссе попали две маршрутки. По последним данным, травмы получили восемь человек, шесть пассажиров были госпитализированы.||Очевидцы сообщают, что авария произошла рядом с домом № 98 около автобусной остановки. В результате сильного удара одну из маршруток отбросило в сторону к легковому автомобилю марки Mercedes.||На месте аварии продолжают работать сотрудники полиции. Движение на Волоколамском шоссе сильно затруднено. По неофициальной версии, у одной из маршруток отказали тормоза.'),(830,215,1,'В Москве столкнулись две маршрутки, есть пострадавшие'),(831,215,2,'22/01/2012'),(832,216,5,'Долгожданная новинка от Skoda, модель MissionL, поступит в автосалоны России не раньше января 2013 года. Отметим, что автомобиль был представлен на Франкфуртском автосалоне.||Ожидается, что в модельном ряду чешского автопроизводителя новый автомобиль займет место между популярными на отечественном рынке Octavia и Fabia. Пока неизвестно, когда MissionL отправят в серийное производство, однако появилась информация, что автомобиль можно будет приобрести в Европе уже осенью текущего года.||Сообщается, что новинка станет первым автомобилем в линейке Skoda, который будет исполнен в новом дизайнерском ключе. По прогнозам западных экспертов, благодаря демократичной цене, хорошему оснащению и высокому качеству компания сумеет реализовать до полутора миллионов MissionL к 2018 году.'),(833,216,1,'Skoda MissionL появится в России не раньше 2013 года'),(834,216,2,'22/01/2012'),(835,217,5,'Действующий чемпион мира по ралли Себастьян Леб одержал уверенную победу в первом этапе WRC нового сезона. Восьмикратный чемпион сумел довести преимущество над ближайшим преследователем Дани Сордо до двух минут. Третье место по итогам этапа в Монте-Карло занял Петтер Сольберг.||Что касается россиянина Евгения Новикова, то ему удалось повторить собственный рекорд трехлетней давности и занять пятое место в итоговом протоколе.||WRC. Ралли Монте-Карло||1. Себастьян Леб (Citroen) – 4:32:39.9<br>2. Дани Сордо (MINI) – +2:45.5<br>3. Петтер Сольберг (Ford) – +3:14.1<br>4. Микко Хирвонен (Citroen) – +4:06.8<br>5. Евгений Новиков (Ford) – +6:03.4<br>6. Франсуа Делекур (Ford) – +7:47.9<br>7. Пьер Кампана (MINI) – +8:31.3<br>8. Отт Танак (Ford) – +10:34.7<br>9. Мартин Прокоп (Ford) – +16:10.7<br>10. Арминду Араужу (MINI) – +16:16.6'),(836,217,1,'Автоспорт: Леб победил в первом этапе WRC'),(837,217,2,'22/01/2012'),(838,218,5,'В центре Джакарты в воскресенье, 22 января, произошла серьезная авария, передает <a href=\"http://www.ria.ru/\" target=\"_blank\">РИА «Новости»</a>. По информации агентства, водитель легкового автомобиля на огромной скорости врезался в толпу, сбив в общей сложности 12 человек. Источник уточняет, что восемь пострадавших скончались в больнице, остальные получили серьезные повреждения.||В местной полиции сообщают, что причиной аварии стало алкогольное опьянение мужчины, который находился за рулем автомобиля. Виновник ДТП уже дает показания, остальные обстоятельства аварии выясняются.||Отметим, что в течение года на территории Индонезии были зафиксированы несколько автокатастроф, жертвами которых стали десятки человек. Самой крупной из них стала авария с участием автобуса, который на большой скорости упал с обрыва в реку. В том ДТП погибли 20 человек.'),(839,218,1,'В Индонезии пьяный водитель протаранил толпу пешеходов'),(840,218,2,'22/01/2012'),(841,219,5,'Согласно неофициальной информации, в конце марта текущего года Министерство экономического развития РФ подпишет соглашение с Fiat, которое предусматривает строительство завода, специализирующегося по производству автомобилей марки Jeep.||В предприятие, которое будет построено под Санкт-Петербургом, вложат более миллиарда долларов. Планируется, что производственные мощности завода позволят компании выпускать до 120 тысяч автомобилей в год.||Осуществлять контроль и управлять производством на территории России будет Chrysler, который также входит в итальянский концерн.||Напомним, в начале года руководство компании заявило о скором подписании меморандума с российской стороной, предусматривающего строительство автомобильного завода. Данное решение является частью глобальной стратегии Fiat по увеличению продаж Jeep за пределами Северной Америки.'),(842,219,1,'Автомобили марки Jeep будут собирать в России'),(843,219,2,'22/01/2012'),(844,220,5,'Японский автопроизводитель в течение 2011 года сумел реализовать на территории России рекордное количество автомобилей. По заявлениям компании, официальный дистрибьютор автомобилей Subaru в РФ продал 12,5 тысяч машин, что больше результатов 2010 года почти на 45%.||Примечательно, что Россия в 2011 году стала для Subaru самым успешным рынком сбыта в Европе. Что касается реализованных моделей, то практически 60% продаж пришлось на обновленный Subaru Forester. Второе место заняла модель Subaru Outback с результатом в 2,5 тысячи единиц.||Представители компании заявляют, что в ближайших планах концерна значится увеличение доли Subaru на российском рынке на 1%, а также доведение объемов продаж до 20 тысяч автомобилей в год.'),(845,220,1,'Компания Subaru увеличила объем продаж в России на 45%'),(846,220,2,'22/01/2012'),(847,221,5,'В воскресенье, 22 января, утром в Красноярске произошло серьезное ДТП, в результате которого погиб полицейский.||По некоторой информации, водитель грузовика двигался на запрещающий сигнал светофора и допустил столкновение с полицейским автомобилем ВАЗ. В служебной машине находились двое сотрудников полиции 1975 и 1979 г. р., которые были в спешном порядке госпитализированы. Полицейский, который находился за рулем, скончался в реанимации, его напарник с тяжелыми травмами направлен на амбулаторное лечение.||Сообщается, что водитель грузового автомобиля не пострадал. По факту ДТП ведется проверка.||Напомним, 20 января в Кемеровской области а автокатастрофе погибли двое полицейских. По последним данным, сотрудник ГИБДД не справился с управлением и на большой скорости вылетел в кювет.'),(848,221,1,'В Красноярске в аварии погиб полицейский'),(849,221,2,'22/01/2012'),(850,222,5,'Двадцатого января с конвейера знаменитого завода компании Porsche в Лейпциге сошел стотысячный экземпляр модели Cayenne второго поколения. Юбилейный внедорожник – белоснежный Cayenne с мощным двигателем V8 – будет отправлен в Бразилию к своему будущему владельцу.||Отметим, в настоящее время модель продается более чем в 124 странах. Диапазон мощности двигателей составляет от 245 л.с. в базовой модификации до 500 л.с. в спортивной комплектации.||Примечательно, что завод в Лейпциге является одним из самых современных предприятий мира. Ежегодно с его конвейера сходят порядка 90 тысяч автомобилей Porsche Cayenne и Porsche Panamera. По последним сообщениям, руководство компании планирует ввести третью смену на предприятии, чтобы увеличить показатели сборки автомобилей до 500 единиц в день.'),(851,222,1,'В Лейпциге выпустили стотысячный  Porsche Cayenne'),(852,222,2,'21/01/2012'),(853,223,5,'Сообщается, что администрация Ростовской области обозначила объекты дорожно-транспортного комплекса, на которые будет обращаться особое внимание в течение текущего года. На соответствующем совещании также был оговорен бюджет, который власти области планируют потратить на развитие дорог в регионе.||По некоторым сообщениям, он составит рекордные десять миллиардов рублей, что больше прошлогодних показателей почти в полтора раза.||Помимо развития крупных магистралей, администрация пообещала заняться проблемами отдаленных населенных пунктов, подъездные пути к которым находятся в неудовлетворительном состоянии.||На совещании был обсужден и вопрос строительства Ростовского метрополитена. По словам чиновников, в этом году будет подготовлена аукционная документация для торгов на разработку проектной линии метрополитена. Сами торги также запланированы на 2012 год.'),(854,223,1,'В Ростовской обл. на развитие дорог потратят 10 млрд рублей'),(855,223,2,'21/01/2012'),(856,224,5,'В пятницу, 20 января, легковой автомобиль совершил наезд на малолетнего ребенка и его отца в городе Электросталь. Сообщается, что от полученных травм ребенок скончался в больнице, мужчина находится в тяжелом состоянии.||По некоторой информации, фура притормозила перед пешеходным переходом, а водитель легкового автомобиля решил объехать ее и вовремя не заметил переходивших проезжую часть людей.||Отметим, что с начала 2012 года один ребенок погиб и 30 пострадали на дорогах Подмосковья. Согласно официальным данным, 80% детей в момент ДТП находились в машинах, причем большинство из них перевозились без использования специальных детских удерживающих устройств и ремней безопасности. В подмосковной Госавтоинспекции сообщили, что в целях предупреждения детской аварийности с 21 по 25 января будет проводиться оперативно-профилактическое мероприятие «Ребенок – пассажир, пешеход».'),(857,224,1,'В Подмосковье автомобиль насмерть сбил пятилетнего ребенка'),(858,224,2,'21/01/2012'),(859,225,5,'На минувшей неделе стало известно, что итальянский концерн Fiat и японский автопроизводитель Suzuki подписали соглашение, в рамках которого предусмотрены поставки силовых агрегатов японской компании.||Примечательно, что моторы, произведенные на территории Индии предприятием Fiat India Automobiles Limited, Suzuki будет устанавливать на автомобили, предназначенные для продаж там же. Речь идет о четырехцилиндровом дизельном агрегате Multijet объемом 1,3 л и мощностью 75 л.с.||Отметим, что индийское подразделение японской компании в настоящее время успешно продает на рынке 13 моделей. Наибольшим спросом в Индии пользуются Suzuki Swift, SX4 и Grand Vitara. Сообщается, что в течение трех лет Fiat выпустит для Suzuki не менее 300 тыс. дизельных моторов.'),(860,225,1,'Suzuki получит от Fiat дизельные двигатели'),(861,225,2,'21/01/2012'),(862,226,5,'В пятницу вечером автомобиль, в котором передвигается по стране президент Латвии Андрис Берзиньш, столкнулся с машиной спикера сейма. Местные СМИ уточняют, что инцидент произошел у статуи Свободы, где проходила торжественная церемония.||Сообщается, что в аварии никто не пострадал, однако автомобили политиков получили повреждения. Известно, что у машины спикера разбит бампер, а автомобиль президента получил царапины и вмятины. По факту ДТП проводится проверка.||Напомним, в соседней Литве в октябре прошлого года также произошло ДТП с участием высокопоставленного чиновника. Тогда генеральный прокурор страны, лично управляя внедорожником, совершил наезд на женщину прямо на пешеходном переходе. Чиновник извинился перед потерпевшей, пообещал оказать всю необходимую помощь в лечении и в тот же день подал в отставку.'),(863,226,1,'Автомобиль президента Латвии попал в аварию'),(864,226,2,'21/01/2012'),(865,227,5,'Сборочное производство автомобилей Volkswagen в Калуге по итогам 2011 года выросло более чем на 40%, сообщает <a href=\" http://www.autostat.ru \" target=\"_blank\">аналитическое агентство «Автостат»</a>.||Всего же в течение прошлого года калужский завод выпустил 134,5 тыс. машин, в то время как показатели 2010 года не превысили 95 тыс. единиц. Источник отмечает, что по полному циклу в Калуге осуществлялось производство сразу нескольких моделей компании.||В частности, было выпущено порядка 125 тыс. единиц Volkswagen Polo Sedan и Volkswagen Tiguan, а также Skoda Octavia и Skoda Fabia. Помимо этих автомобилей, методом крупноузловой сборки сошли с конвейера еще 9,5 тыс. Volkswagen Multivan и Volkswagen Touareg.||Отметим, что лишь в конце августа прошлого года калужский завод Volkswagen сумел выйти на полную мощность, работая в трехсменном режиме. Подобный график позволит предприятию выпускать до 150 тыс. автомобилей в год.'),(866,227,1,'Завод Volkswagen в Калуге увеличил производство на 40%'),(867,227,2,'21/01/2012'),(868,228,5,'Ранним утром в субботу, 21 января, в столице произошло серьезное ДТП, в результате которого погиб человек, передает <a href=\"http://www.ria.ru/\" target=\"_blank\">РИА «Новости»</a>.||По последней информации, на Щелковском шоссе в районе Центрального автовокзала столкнулись сразу семь легковых машин. Сообщается, что авария произошла из-за грубого нарушения правил дорожного движения.||По предварительной версии, аварию спровоцировал водитель автомобиля Mercedes с тульскими номерами, который в районе Щелковского автовокзала развернулся через двойную сплошную. В результате этого маневра в иномарку на полном ходу врезалась Mazda, а затем еще пять машин.||Собеседник агентства отметил, что виновник ДТП сбежал с места происшествия, оставив своего погибшего пассажира.'),(869,228,1,'На Щелковском шоссе столкнулись семь автомобилей'),(870,228,2,'21/01/2012'),(871,229,3,'ДТП||регионы||статистика'),(872,229,5,'С начала 2012 года один ребенок погиб и 30 пострадали на дорогах Подмосковья, сообщает <a href=\"http://www.ria.ru/\" target=\"_blank\">РИА «Новости»</a> о ссылкой на сотрудницу отдела пропаганды ГИБДД области старшего лейтенанта полиции Марию Соленову.||«Несмотря на принимаемые меры, в Подмосковье в ДТП по-прежнему попадают дети. С начала года зарегистрировано 26 происшествий, в которых один ребенок погиб и 30 получили травмы различной степени тяжести», – сказала представительница ГИБДД Подмосковья.||Она добавила, что 80% детей, в том числе и погибший ребенок, в момент ДТП находились в машинах, причем большинство из них перевозились без использования специальных детских удерживающих устройств и ремней безопасности.||«В ряде происшествий с детьми виноваты сами взрослые, родители, которые пренебрегают соблюдением ПДД, показывая тем самым отрицательный пример детям, не объясняют им основные правила поведения на дороге, оставляют одних, не указав разрешенные места для игр, переходят проезжую '),(873,229,1,'За первые три недели года на дорогах Подмосковья пострадали 30 детей'),(874,229,2,'20/01/2012'),(875,230,3,'курьезы||пробки'),(876,230,5,'Огромная свинья стала причиной пятикилометрового затора на трассе в японской префектуре Осака. О том, что по магистрали Хансин ходит животное, мешающее дорожному движению и создающее аварийные ситуации, местной полиции по телефону сообщил один из автомобилистов, следовавших по трассе.||На поиски «нарушительницы» выехали восемь патрульных машин. Свинью ловили около 30 полицейских в течение получаса, пишут японские СМИ. Предположительно, 300-килограммовая свинья выпала из перевозившего животных грузовика. Как сообщили в правоохранительных органах Осаки, животное прошло по трассе около 1 км.||Чуть позже на соседней дороге была найдена еще одна свинья. В полиции не исключают, что она выпала из того же грузовика, что и первая.'),(877,230,1,'Гулявшая по трассе свинья стала причиной пятикилометровой пробки'),(878,230,2,'20/01/2012'),(879,231,3,'ДТП'),(880,231,5,'Более 50 легковых и грузовых автомобилей столкнулись сегодня, 20 января 2012 г., на автобане А1, пересекающем Германию с северо-востока на юго-запад. В результате массового ДТП как минимум один человек погиб. Об этом пишет <a href=\"http://www.ria.ru/\" target=\"_blank\">РИА «Новости»</a> со ссылкой на немецкий журнал Focus.||ДТП произошло в 15:00 мск на территории федеральной земли Нижняя Саксония в километре от поворота на город Клоппенбург. В результате столкновений несколько водителей оказались зажатыми в своих автомобилях, один из них скончался на месте.||Для ликвидации последствий аварии были задействованы крупные силы полиции, спасательных и противопожарных служб. Другие подробности происшествия пока не сообщаются.'),(881,231,1,'В Германии произошло страшное ДТП с участием 50 автомобилей'),(882,231,2,'20/01/2012'),(883,232,3,'автоподставы||законы||криминал'),(884,232,5,'Депутаты от фракции ЛДПР внесли в Госдуму законопроект, предусматривающий уголовное наказание за умышленное создание ДТП в целях вымогательства денег, так называемые автоподставы. Соответствующие изменения предлагается внести в Уголовный и Уголовно-процессуальные кодексы РФ.||«Умышленное создание дорожно-транспортного происшествия в целях вымогательства денег, или автоподстава, – преступление, которое давно стало бичом водителей и страховых компаний. Это реальная имитация ДТП посредством использования специальных приемов и ситуаций, вынуждающих водителя выплачивать «компенсацию» за причиненный ущерб или нарушение нормы закона», – говорится в пояснительной записке к законопроекту.||В случае принятия поправок наказание за это преступление может составить до 7 лет лишения свободы со штрафом до 1 млн руб.||Аргументируя необходимость поправок, депутаты сослались на данные Министерства транспорта РФ и ГИБДД, по которым с 2010 г. число автоподстав в РФ выросло на 10-15%.'),(885,232,1,'Госдума может ввести уголовное наказание за автоподставы'),(886,232,2,'20/01/2012'),(887,233,3,'ДТП на Ленинском||скандалы||Москва||ДТП'),(888,233,5,'В МВД сообщают, что водитель вице-президента ЛУКОЙЛа Анатолия Баркова не нарушал ПДД. Автотехническая экспертиза по уголовному делу о резонансной аварии на Ленинском проспекте в Москве, произошедшей 25 февраля 2010 г., показала, что в действиях водителя автомобиля Mercedes-Benz нарушений правил дорожного движения не усматривается. Об этом сообщает пресс-служба Главного управления МВД РФ по г. Москве.||Всего перед экспертами стороной защиты были поставлены 25 вопросов. В полиции отметили, что специалисты дали исчерпывающие ответы на вопросы, входящие в их компетенцию. Накануне с заключением автотехнической судебной экспертизы были ознакомлены представитель обвиняемой по данному делу – отец погибшей в ДТП Ольги Александриной и его адвокат Игорь Трунов.||Отметим, что только сегодня, 20 января 2012 г., И. Трунов сообщил, что дополнительная экспертиза по делу о ДТП на Ленинском проспекте в Москве установила, что автомобиль вице-президента ЛУКОЙЛа Анатолия Баркова в момент столкновения был н'),(889,233,1,'МВД: Водитель вице-президента ЛУКОЙЛа не нарушал ПДД'),(890,233,2,'20/01/2012'),(891,234,3,'АвтоВАЗ||российский авторынок'),(892,234,5,'АвтоВАЗ объявил новые цены на старые модели: с 1 января по 1 февраля рекомендованная розничная стоимость автомобилей семейства Lada 2107 стартует от 190 900 рублей. Напомним, о первой скидке отечественный автопроизводитель объявил в ноябре прошлого года. Тогда рекомендованное снижение цен составило более чем в два раза больше, чем сейчас: морально устаревшие авто стали доступнее на 11 тысяч рублей.||Очевидно, такая скидка оказалась недостаточной для того, чтобы достаточно быстро распродать эти автомобили, и теперь АвтоВАЗ скинул еще 5 тысяч рублей. Таким образом, в настоящее время «классика» продается со скидкой в 16 тысяч рублей от изначальной рекомендованной стоимости. Впрочем, стоит отметить, что в ряде регионов новый автомобиль Lada 2107 можно купить и значительно дешевле.'),(893,234,1,'АвтоВАЗ объявил новые цены на «классику»'),(894,234,2,'23/01/2012'),(895,235,3,'Mercedes-Benz||A-класс||тизеры||новинки'),(896,235,5,'Mercedes-Benz опубликовал видеотизер A-класса нового поколения. Мировая премьера модели состоится в марте этого года на международном автосалоне в Женеве. Ролик позволяет рассмотреть силуэт автомобиля, форму головной оптики, бамперы.||Как ожидается, Mercedes-Benz A-класса получит линейку двигателей, аналогичную той, что получила модель В-класса: пять бензиновых двигателей мощностью от 108 до 201 л.с. и четыре дизеля мощностью от 120 до 201 л.с.||Через некоторое время после того, как новинка поступит на рынок, появится и версия AMG. Вероятно, она получит 2,0-литровый турбомотор мощностью порядка 350 л.с., трансмиссию с двойным сцеплением и полный привод.||В продаже в Европе Mercedes-Benz A-класса нового поколения появится в конце 2012 года.||<center><object style=\"height: 390px; width: 640px\"><param name=\"movie\" value=\"http://www.youtube.com/v/r2i1eUmtnd8?version=3&feature=player_detailpage\"><param name=\"allowFullScreen\" value=\"true\"><param name=\"allowScriptAccess\" value=\"always\"><embed'),(897,235,1,'Mercedes-Benz опубликовал видеоролик нового A-класса'),(898,235,2,'23/01/2012'),(899,236,3,'Peel||электрокары'),(900,236,5,'Несколько британских бизнесменов пришли к выводу, что, хотя многие автопроизводители сейчас разрабатывают ультракомпактные городские автомобили, покупателя можно заинтересовать чем-то еще более миниатюрным. В результате был возрожден бренд Peel, под которым в 1960-х годах производились самые маленькие автомобили в мире. Компания уже принимает заказы на модели P50 и Trident.||Первая из них – самый маленький серийный автомобиль в мире по Книге рекордов Гиннесса: 1370&#215;1041&#215;1200 мм при колесной базе 1270 мм. Ее вес составляет 59 кг. Габариты второй модели – 1829&#215;1067&#215;1245 мм при колесной базе 1295 мм, что делает ее самым маленьким двухместным транспортным средством в мире. Весит она 99 кг.||Обе трехколесные машины выпускаются как с бензиновыми, так и с электродвигателями. В бензиновом варианте мини-автомобили оснащены крошечными двухтактными моторами мощностью всего 3,35 л.с. Естественно, автомобили получили некоторую доработку – в частности, новый вариатор, благодаря к'),(901,236,1,'Самые маленькие серийные автомобили в мире возвращаются на рынок'),(902,236,2,'23/01/2012'),(903,237,3,'российский автопром'),(904,237,5,'Сегодня, 24 января, ГАЗ возобновил работу после зимнего отпуска, который традиционно начинается на предприятии в первый рабочий день каждого нового года и в этом году начался 10 января. Таким образом, большая часть сотрудников отдыхала с 31 декабря 2011 года. Тем не менее, как сообщили в пресс–службе группы «ГАЗ», эти четырнадцать дней на заводе использовали максимально эффективно: было проведено сервисное обслуживание и ремонт оборудования, для организации которых необходима полная остановка действующего производства.||Длительный перерыв на производстве не отразился на дилерских центрах: необходимый в январе запас автомобилей на заводе выпустили еще перед отпуском, в ноябре и декабре 2011 года.'),(905,237,1,'ГАЗ возобновил работу после зимнего отпуска'),(906,237,2,'24/01/2012'),(907,238,3,'Citroen||электромобили'),(908,238,5,'Два молодых французских инженера решили совершить первое кругосветное путешествие на электромобиле. Ксавье Дего (27 лет) и Антонин Ги (28 лет) покинут Страсбург 11 февраля на автомобиле Citroen C-Zero и пересекут 17 стран за восемь месяцев в рамках эксперимента, получившего название «Электрическая одиссея».||Их цель – не только поставить рекорд, но и поддержать внедрение электромобилей как удобного и высокоэкологичного транспорта. «Если на электрокаре можно совершить кругосветное путешествие, для повседневных нужд он точно достаточно хорош», – прокомментировал Дего.||Молодым людям предстоит заправлять автомобиль в среднем каждые 100 км, то есть для преодоления рассчитанного маршрута понадобится около 300 подзарядок. Немало, конечно, но зато расчетная стоимость поездки получается ничтожно мала: на заправку автомобиля на протяжении всего путешествия потребуется чуть больше 200 евро.'),(909,238,1,'Электромобиль Citroen C-Zero совершит кругосветное путешествие'),(910,238,2,'24/01/2012'),(911,239,3,'ГИБДД-ГАИ'),(912,239,5,'Доверенность на управление автомобилем действительно является документом, дублирующим указанную в полисе ОСАГО информацию, считают в ГИБДД, но <a href=\"http://www.autonews.ru/autobusiness/news.shtml?/2012/01/20/1717415\">отказаться от нее сразу не получится</a>. Заместитель начальника Главного управления по обеспечению безопасности дорожного движения МВД России Владимир Кузин рассказал о случаях, когда доверенность может все-таки понадобиться: например, в случае ДТП по вине водителя, не имеющего доверенности, платить за ремонт придется владельцу машины.||Кроме того, некоторые автовладельцы приобретают полисы с неограниченным кругом допущенных к управлению лиц. Они существенно дороже, но бывают незаменимы, если автомобилем пользуется большое количество людей. Да и сам полис ОСАГО имеет право приобрести либо владелец автомобиля, либо обладатель доверенности.||Таким образом, предстоит найти оптимальные схемы, которые позволят исключить использование доверенности, но только там, где она дей'),(913,239,1,'В ГИБДД рассказали, что мешает отказаться от доверенности на управление авто'),(914,239,2,'24/01/2012'),(915,240,3,'BMW'),(916,240,5,'В BMW отложили запуск серийного производства MINI Rocketman. Серийная версия, получившая за свои скромные габариты рабочее название мини-MINI, создавалась как ультракомпактный городской автомобиль: длина ее колесной базы составляет всего лишь 3055 мм. Однако именно это и стало причиной заморозки проекта: обнаружилось, что при уменьшении платформы до таких размеров возникают непредвиденные проблемы со стабильностью, управляемостью крохотного автомобиля.||Иными словами, при нынешних характеристиках мини-MINI попросту не соответствует современным стандартам. Вдобавок те же характеристики не позволят ей сколько-нибудь удовлетворительно пройти краш-тесты. Для того чтобы запустить серийное производство концепта Rocketman в существующих габаритах – 3419 мм в длину (на 304 мм меньше, чем трехдверный хэтчбек MINI) и 1907 мм в ширину, модель предстоит основательно доработать. Ожидается, что новинка появится на рынке не ранее 2016 года.'),(917,240,1,'Концепт BMW MINI Rocketman не пойдет в серию'),(918,240,2,'24/01/2012'),(919,241,3,'российский автопром'),(920,241,5,'Все больше автопроизводителей обращают внимание на российский рынок, рост объема которого особенно заметен на фоне понизившегося спроса на автомобили в Европе. Вслед за ними тянутся и иностранные производители автокомплектующих и расходных материалов.||С февраля 2011 года Минэкономразвития подписало меморандумы о промсборке с 178 производителями автокомплектующих. Такой меморандум является первым шагом к заключению соглашения о промсборке комплектующих, которое дает компании право воспользоваться импортными льготами. Как указано в докладе рабочей группы по присоединению России к ВТО, срок подготовки и заключения соглашений продлится до конца 2013 года, но многие компании уже приняли решение. Как следует из доклада рабочей группы по присоединению России к ВТО, 38 производителей автокомпонентов подписали с Минэкономразвития соглашения о промышленной сборке. Большинство этих компаний открыли производство на территории РФ уже некоторое время назад, среди них – Hyundai Mobis и Toyota Boshok'),(921,241,1,'Локализация производства в России продолжает расти'),(922,241,2,'24/01/2012'),(923,242,3,'ГИБДД-ГАИ'),(924,242,5,'Жуковский городской суд Московской области приговорил лихача, пытавшегося скрыться от полиции в центре Москвы, к лишению прав на четыре месяца. Напомним, в октябре минувшего года 23-летний Александр Бахвалов на своем автомобиле Porsche Cayenne проехал на запрещающий сигнал светофора и проигнорировал требование инспектора ГИБДД остановиться. Полицейские начали преследование на служебном Ford Focus. Нарушитель развил скорость до 220 км/ч на скользкой от дождя дороге. Пытаясь скрыться, он игнорировал светофоры и дорожную разметку, несколько раз выезжал на полосу встречного движения.||Полицейским несколько раз удавалось нагнать нарушителя, но он продолжал гонку. Наконец инспекторы прибегли к табельному оружию: сделали несколько предупредительных выстрелов в воздух, а затем открыли огонь по автомобилю. Несмотря на спущенное колесо, правонарушитель сумел уйти от погони на выезде из города. На второй день после инцидента полиции удалось установить личность правонарушителя. Он не стал отрицать'),(925,242,1,'Гонщик на Porsche остался без водительских прав'),(926,242,2,'24/01/2012'),(927,243,3,'Skoda||российский авторынок'),(928,243,5,'Российское представительство Skoda представило ограниченную серию Yeti Style. Дизайн-пакет доступен при выборе комплектации Ambition, в которую входят 1,2-литровый двигатель мощностью 105 л.с. в паре с механической или автоматической трансмиссией, панорамный люк с электроприводом и система крепления грузов.||Самая заметная деталь пакета Style – полосы на капоте и дверях автомобиля. Покупатели могут выбрать один из двух окрасов кузова: синий со светлыми полосками и белый с серыми.||Кроме того, автомобиль получит декоративные накладки «под металл» на передний и задний бампер, зеркала заднего вида и внешние пороги, кожаную обивку рулевого колеса, боковые молдинги с алюминиевой вставкой, двуцветные литые диски и накладки на колесные арки.||В комплект также входят задний парктроник, омыватель фар, передние боковые подушки безопасности, двухзонный климат-контроль Climatronic и многофункциональный дисплей Maxi Dot.||Модификация выпускается ограниченным тиражом. Стоимость Yeti Style начинается'),(929,243,1,'Skoda выпускает на российский рынок модификацию Yeti Style'),(930,243,2,'24/01/2012'),(931,244,3,'Ford||концепты||электрокары||Детройт-2012'),(932,244,5,'Студенты Технологического университета Лоуренс Колин Бонатан и Джихо Ча разработали проект Lincoln Continental, демонстрирующий, каким этот автомобиль мог бы, на их взгляд, стать к 2025 году. В своей работе они постарались учесть все современные требования и тенденции, а также основные направления в дизайне, наблюдавшиеся последние несколько лет. ||Прежде всего молодые разработчики определились с колесной базой, а конечный дизайн разрабатывали с учетом оптимального расположения двигателя. Стоит отметить, что двигатель электрический: разработчики считают, что будущее за экологичными электрокарами.||В Ford так высоко оценили студенческий проект, что создали концептуальную версию автомобиля будущего в масштабе 1:4. Концепт был представлен на автосалоне в Детройте.'),(933,244,1,'Студенты-технологи спроектировали Lincoln Continental будущего'),(934,244,2,'24/01/2012'),(935,245,3,'Москва||ДТП'),(936,245,5,'Сегодня, 24 января, было временно перекрыто движение по внешней стороне МКАД в районе 59-го км. Причиной остановки движения стала загоревшаяся на трассе «Газель». По предварительным данным, в машине был установлен газовый баллон, причиной возгорания мог стать взрыв.||К настоящему моменту движение частично восстановлено, передает корреспондент ИА «РБК» с места событий. Согласно информации сервиса «Яндекс.Пробки», скорость движения автомобилей по внешней стороне МКАД в районе пересечения дороги с Новорижским шоссе составляет 5 км/ч.||Отметим, что в последнее время ряд крупных ДТП на МКАД были связаны с маршрутками. Так, в октябре 2011 года водитель маршрутного такси «Газель» не справился с управлением, из-за чего автомобиль опрокинулся на бок. В результате ДТП один человек погиб, еще трое пострадали.'),(937,245,1,'На МКАД частично перекрыли движение из-за горящей «Газели»'),(938,245,2,'24/01/2012'),(939,246,3,'Москва||дороги||финансы'),(940,246,5,'Департамент строительства Москвы объявил открытый конкурс на выполнение подрядных работ по строительству на юге столицы участка дороги от улицы Подольских Курсантов до МКАД с транспортной развязкой. На эти цели власти города могут потратить до 4,21 млрд рублей, сообщает <a href=\"http://www.ria.ru/\" target=\"_blank\">РИА «Новости»</a> со ссылкой на сайт госзакупок.||Как уточняется в документации к конкурсу, проектом предусматривается продление улицы Подольских Курсантов от Харьковской улицы до МКАД с организацией транспортной развязки на разных уровнях на пересечении с МКАД. Проект предполагает строительство в общей сложности 4,72 км дорожного полотна.||В рамках проекта планируется построить две эстакады – длиной 378 м для движения транспорта с МКАД на улицу Подольских Курсантов и длиной 278 м для организации движения с улицы Подольских Курсантов на МКАД.||Итоги конкурса планируется подвести 1 марта 2012 года.'),(941,246,1,'На продолжение улицы Подольских Курсантов Москва выделит 4 млрд руб.'),(942,246,2,'23/01/2012'),(943,247,3,'Renault||Scenic||новинки||минивэны'),(944,247,5,'Renault запустит российские продажи обновленного минивэна Scenic. Модель получила видоизмененную переднюю часть, новые задние фонари, дневные светодиодные фары, черные глянцевые и хромированные детали (в передней части, в дверце багажника и боковых молдингах), а также новые легкосплавные диски. Кроме того, новый Scenic будет предлагаться в двух новых цветах кузова.||Scenic – первая модель Renault, которая будет оснащаться интеллектуальной системой видеоконтроля (Visio System). Она работает благодаря встроенной видеокамере, расположенной за центральным зеркалом заднего вида. Основные функции системы: слежение за полосой движения (предупреждает водителя звуковым сигналом в случае непроизвольного пересечения линий дорожной разметки) и автоматическое переключение фар в зависимости от ситуации на дороге.||Система курсовой устойчивости (ESP) с функцией Hill Start Assist aвтоматически поддерживает автомобиль на крутом склоне, создавая небольшое тормозное усилие при отпускании водителем педали'),(945,247,1,'Renault запустит российские продажи обновленного Scenic'),(946,247,2,'23/01/2012'),(947,248,3,'Volkswagen||новинки'),(948,248,5,'Пятидверная серийная версия представленного в прошлом году во Франкфурте концепта унаследовала большую часть параметров и характеристик трехдверного Up!. Автомобиль получил две дополнительные двери, сохранив довольно впечатляющую компактность. Габаритная высота салона для сидящих сзади пассажиров – 94,7 см, пространство для ног составляет 79,5 см. При поднятых задних сиденьях объем багажника составляет 252 литра, он увеличивается до 951 литра, если сиденья сложить.||Под капотом компактной пятидверки – 1,0-литровый трехцилиндровый бензиновый агрегат с системой «стоп-старт». В зависимости от комплектации он может выдавать от 60 до 75 л.с. Рассчетный расход топлива не превышает 4,2 л/100 км и 4,3 л/100 км соответственно.||Автомобиль получил систему превентивного торможения для предотвращения столкновений в городских пробках: на низких скоростях (до 29 км/ч) в случае возникновения угрозы ДТП автомобиль тормозит самостоятельно. К услугам водителя портативная информационно-развлекательная си'),(949,248,1,'Volkswagen представил пятидверный Up!'),(950,248,2,'23/01/2012'),(951,249,3,'власти||ДТП'),(952,249,5,'Комитет Госдумы по безопасности предложил исключить из действующего законодательства норму, допускающую примирение сторон при ДТП, повлекших человеческие жертвы. «В действующем законе есть чудовищная, на мой взгляд, норма о возможности примирения сторон. Откупаться по факту гибели нескольких людей – это недопустимая вещь, поэтому вопрос о соразмерности наказания, безусловно, существует», – аргументировала свою позицию глава комитета Ирина Яровая.||Она также предложила дополнительно увеличить наказание виновников ДТП, совершивших их в состоянии алкогольного или наркотического опьянения, объясняя это тем, что, садясь за руль в неадекватном состоянии, они заведомо соглашаются с последствиями своих противоправных действий.||Вместе с тем, по ее мнению, одновременно с ужесточением наказания для виновников ДТП необходимо предпринимать дополнительные меры по обеспечению безопасности на дорогах, в частности в зоне пешеходных переходов. «Особенно это надо делать на нерегулируемых переходах, а та'),(953,249,1,'Примирение сторон при ДТП со смертельным исходом сделают невозможным'),(954,249,2,'23/01/2012'),(955,250,3,'звезды||Москва||ДТП'),(956,250,5,'Известная балерина Илзе Лиепа врезалась на своей машине в полицейский автомобиль на Славянской площади в центре Москвы. В результате инцидента никто не пострадал, пишет <a href=\"http://www.ria.ru/\" target=\"_blank\">РИА «Новости»</a> со ссылкой на источник в правоохранительных органах столицы.||«Двигаясь на своем автомобиле Range Rover Sport, Лиепа совершила столкновение с припаркованной у края обочины полицейской машиной Ford Focus с включенными спецсигналами», – сказал собеседник агентства.||Он добавил, что за рулем автомобиля Ford в момент дорожно-транспортного происшествия находился инспектор ДПС. В результате ДТП никто не пострадал, автомобили получили повреждения.'),(957,250,1,'Известная балерина врезалась в полицейское авто в Москве'),(958,250,2,'23/01/2012'),(959,251,3,'Формула-1'),(960,251,5,'В сезоне 2012 года Виталий Петров станет тест-пилотом Pirelli, официального поставщика шин для болидов «Формулы-1». Об этом сообщили в пресс-службе российского гонщика. На открывшейся сегодня в Абу-Даби официальной презентации гоночных шин Pirelli для грядущего сезона Петров продемонстрирует их возможности на трассе Яс-Марина.||Напомним, в конце прошлого года Петров, несмотря на наличие ранее заключенного контракта, лишился места в команде Lotus Renault, уступив швейцарскому гонщику Ромэну Грожану. Долгое время было неясно, где именно Петров продолжит карьеру. Среди предполагаемых команд назывались российская Marussia Virgin и британская Caterham. В Pirelli уже подтвердили, что в новом сезоне Виталий Петров будет их тест-пилотом.'),(961,251,1,'«Формула-1»: Виталий Петров стал тест-пилотом Pirelli'),(962,251,2,'25/01/2012'),(963,252,3,'Москва'),(964,252,5,'За последние шесть месяцев в Москве стало на 39% больше легальных такси. Их число достигло 12 тысяч. Об этом сообщил сегодня мэр столицы Сергей Собянин на заседании коллегии Главного управления Министерства внутренних дел (ГУ МВД) РФ по Москве, где подводились итоги профессиональной деятельности ведомства в 2011 году и обсуждались задачи на 2012-й.||По словам мэра, одной из основных задач для сотрудников ведомства является формирование цивилизованного рынка такси. «В 2011 году мы запустили программу поддержки лизинга и приняли другие меры для развития легального таксомоторного рынка», – отметил мэр. Тем не менее, по его словам, принимаемых мер по-прежнему недостаточно – доля теневого бизнеса остается большой. «Задача на 2012 год – выявление и привлечение к ответственности лиц, регулярно занимающихся нелегальным извозом», – заключил мэр, обращаясь к участникам коллегии.'),(965,252,1,'Количество легальных такси в Москве увеличилось на 39%'),(966,252,2,'25/01/2012'),(967,253,3,'дороги||регионы'),(968,253,5,'Автолюбители Екатеринбурга сами нарисовали разметку на ухабистом участке дороги. На перекрестке двух крупных центральных улиц, Радищева и Московской, много лет существует проблема, решать которую городские власти не торопятся: в этом месте трамвайные рельсы сильно выступают из уровня проезжей части. В этом месте водителям приходится сбрасывать скорость до минимальной, чтобы уберечь подвеску автомобиля от поломки. В результате здесь регулярно возникают огромные пробки. Неприятный участок ничего не стоит объехать, не сбавляя скорости, надо лишь немного изменить траекторию движения. Но большинство автолюбителей следуют разметке и едут прямо на выступающие рельсы.||В ночь с 24 на 25 января группа екатеринбуржцев вышла на проблемный перекресток, вооружившись краской в баллончиках, трафаретами и газовой горелкой. Очистив дорожное полотно от снега, прогрели асфальт горелкой, нанесли новую разметку, показывающую более удобную траекторию, не требующую снижения скорости, и закрепили краску повто'),(969,253,1,'Автолюбители подсказали властям простой способ избавиться от пробки'),(970,253,2,'25/01/2012'),(971,254,3,'российский автопром||мировой автопром'),(972,254,5,'Локализация производства, являющаяся обязательной для автоконцернов, производящих автомобили на территории России, столкнулась с неожиданной сложностью: в ходе подготовки к запуску штамповочных производств автоконцерны пришли к выводу, что качество российского прокатного листа недостаточно высоко. В связи с этим Объединение автопроизводителей России (ОАР) попросило Минпромторг обнулить таможенные пошлины на некоторые виды плоского проката. В настоящее время весь импортный прокат облагается пятипроцентной пошлиной.||В состав ОАР входят такие автогиганты, как АвтоВАЗ, КамАЗ, группа «ГАЗ» и Sollers, ЗиЛ, «Дженерал Моторз СНГ», МАЗ, «Вольво Восток» и Объединенная автомобильная группа. Как отмечают эксперты, в случае отмены пошлин закупка прокатного листа у иностранных поставщиков позволит одному только АвтоВАЗу сэкономить 1,8 млн долларов.'),(973,254,1,'Автоконцерны просят отменить пошлины на ввоз металлопроката'),(974,254,2,'25/01/2012'),(975,255,3,'АвтоВАЗ||Renault-Nissan||ИжАвто||российский автопром'),(976,255,5,'Через несколько лет большая часть автомобилей альянса Renault-Nissan будет производиться на заводе «ИжАвто», сообщил АвтоВАЗ. А до тех пор, пока новые модели не встали на конвейер Ижевского завода, там временно может быть организована крупноузловая сборка автомобилей Renault. Первые модели Scenic, Megane и Koleos должны сойти с конвейера «ИжАвто» уже в конце этого года. Производство этих моделей поддержит завод, пока не будет запущено производство Duster и Sandero.||«Наша задача – как можно быстрее сделать «ИжАвто» производителем современных, востребованных на рынке моделей автомобилей и Lada, и наших партнеров Renault-Nissan», – пояснил директор по связям с общественностью АвтоВАЗа Игорь Буренков. В Renault отметили, что площади «ИжАвто» будут использованы альянсом, но о конкретных моделях будет объявлено позднее.||Напомним, «ИжАвто» перешел под контроль АвтоВАЗа осенью прошлого года. Президент Волжского автоконцерна Игорь Комаров признавался, что в ближайшие два года «ИжАвто» будет п'),(977,255,1,'«ИжАвто» будет выпускать Renault Scenic, Megane и Koleos'),(978,255,2,'25/01/2012'),(979,256,3,'российский автопром'),(980,256,5,'Заволжский моторный завод в 2011 году увеличил производительность на 7%, выпустив 80 744 двигателя. Как сообщила пресс-служба предприятия, вырос не только объем производства – в 2011 году удалось добиться существенного улучшения качества. Так, на 25% была снижена внутренняя дефектность, выявляемая на собственных испытательных станциях, и на 42% – внешняя, выявляемая на автозаводах-потребителях. Количество рекламаций снижено на 30%. Затраты на выполнение гарантийного ремонта двигателей сократились на 11%, что в свою очередь позволило получить годовую экономию 2 млн руб.||По заказам Ульяновского автозавода, являющегося ключевым потребителем двигателей ЗМЗ, был реализован 60 761 двигатель (+13,7% к уровню 2010 г.), отгрузка в адрес ГАЗа составила 997 двигателей в рамках госзаказа (-49%), в адрес ОАО «Павловский автобус» – 5346 двигателей (-13%).||ЗМЗ выпускает более 80 модификаций двигателей внутреннего сгорания – от 2,2 до 4,67 л. Чистая прибыль по РСБУ за девять месяцев 2011 г. составил'),(981,256,1,'На ЗМЗ добились резкого сокращения процента брака двигателей'),(982,256,2,'25/01/2012'),(983,257,3,'Hiriko||новинки||электромобили'),(984,257,5,'В 2013 году на европейском рынке может появиться автомобиль, умеющий складываться, чтобы уместиться в самое тесное парковочное место. Hiriko Citycar EV умеет подтягивать под себя задние колеса, в результате чего расположенная под наклоном кабина встает вертикально, а длина автомобиля существенно уменьшается. Как следует из названия, городская модель передвигается на электрической тяге и имеет неплохой запас хода: 120 км. При этом максимальная скорость составляет 110 км/ч.||Запустить серийное производство такого автомобиля решили в Испании. Компания Hiriko Driving Mobility специализируется на городских автомобилях, на что указывает и ее название: hiriko переводится с баскского языка как «городской». По задумке разработчиков, Citycar EV можно будет сдавать в почасовую аренду для езды по городу, аналогично тому, как во многих европейских городах сдают велосипеды. Впрочем, желающие смогут и приобрести новинку в собственность. Ее стоимость составит 12 500 евро.'),(985,257,1,'Складной городской автомобиль запустят в серийное производство'),(986,257,2,'25/01/2012'),(987,258,3,'Smart||шпионские фото||spy photo'),(988,258,5,'Фотошпионам удалось заснять обновленный Smart fortwo во время дорожных испытаний на юге Германии, неподалеку от центра разработки и проектирования Mercedes-Benz. Второе поколение модели, представленное в конце 2006 года, получило первое обновление в 2010-м. Тогда автомобиль практически не изменился: все обновление сводилось к тому, что у него появились светодиодные фары, а в линейке доступных окрасов появились новые варианты.||Результат второго обновления больше бросается в глаза. Минималистичный камуфляж не мешает оценить новый передний бампер. Задний бампер также получил новый дизайн, а эмблема Smart перебралась с капота на центр заметно изменившейся радиаторной решетки.||Как ожидается, обновленный Smart fortwo появится в продаже в конце 2012 года.'),(989,258,1,' Smart fortwo получил второе обновление. ФОТО'),(990,258,2,'25/01/2012'),(991,259,3,'народные гаражи||Москва||парковки'),(992,259,5,'За минувший год в Москве в рамках программы «Народный гараж» построено 67 многоэтажных парковочных комплексов на 25 136 машино-мест. Об этом сообщает комплекс градостроительной политики и строительства столицы.||Наибольшее количество гаражей-стоянок введено в Юго-Восточном административном округе – там появилось 18 паркингов. На юго-западе было построено 11 гаражных комплексов, на севере и северо-западе Москвы введено в эксплуатацию по восемь паркингов, в Зеленоградском административном округе – семь, на востоке столицы открыто пять «народных гаражей». В Западном административном округе введено четыре паркинга, в центре Москвы – три, на северо-востоке – два, в Южном округе появился один объект.||Всего начиная с 2010 года в Москве построено 86 паркингов по программе «Народный гараж» на 31 119 машино-мест. В 2012 году планируется построить и ввести в эксплуатацию еще 104 объекта на 29 582 машино-места. На 2013 год производственной программой предусмотрено строительство 158 объектов на 54'),(993,259,1,'За 2011 год в Москве появилось еще 67 многоэтажных «народных гаражей»'),(994,259,2,'25/01/2012'),(995,260,3,'Москва||дороги||общественный транспорт'),(996,260,5,'За минувшие сутки в Москве произошло 95 сбоев в работе общественного транспорта, сообщила пресс-служба ГУП «Мосгортранс». Основной причиной задержек движения автобусов, троллейбусов и трамваев стали пробки – как из-за перегруженности дорог, так и вызванные авариями с участием личных автомобилей, а также неправильно припаркованные машины, мешающие проезду. Продолжительность задержек составила 10-45 минут.||Коммунальные службы расчистили 416 км трамвайных путей, 41 разворотное трамвайное кольцо и 389 остановочных площадок от наледи, для чего было задействовано 300 рабочих. Выведено на уборку 45 единиц спецтехники, в том числе 16 снегоочистительных вагонов, девять подметальных тракторов, шесть самосвалов, уточнили в ведомстве.'),(997,260,1,'Неправильно припаркованные авто сбивают график движения столичных автобусов'),(998,260,2,'25/01/2012'),(999,261,3,'криминал'),(1000,261,5,'В Челябинской области задержаны подозреваемые в убийстве четырех водителей, продававшие захваченные машины, сообщает следственное управление Следственного комитета РФ по региону. Как установило следствие, в период с августа по декабрь 2011 года злоумышленники совершили убийства трех водителей, занимавшихся частным извозом. Единственной целью убийств было похищение автомобилей, которые преступники впоследствии продавали.||В числе прочих преступлений установлена причастность банды к убийству водителя грузовика Volvo из Казахстана, который следовал из Екатеринбурга с большой партией яиц. Злоумышленники продали как грузовик, там и сам товар. Подозреваемые признались в совершении всех вышеупомянутых убийств. Следствие устанавливает, не причастны ли они к совершению еще и других преступлений.'),(1001,261,1,'Банда преступников убивала водителей, чтобы продать их автомобили'),(1002,261,2,'24/01/2012'),(1003,262,3,'Infinity||Porsche||гибриды'),(1004,262,5,'Среди качеств, которые производители обычно страются подчеркнуть в рекламе гибридов, первые места, как правило, занимают малый расход топлива и высокая экологичность. Infiniti решила пойти другим путем: отличительной чертой гибрида M35h названа скорость.||Японский автопроизводитель организовал гонку на дистанцию в 400 м, в которой выставил M35h против другого гибрида. И не какого-нибудь, а бренда, ассоциирующегося в числе прочего с высокими скоростями: новым Porsche Panamera S.||Хотя по мощности Panamera S обходит M35h – 380 против 360, гибриду от Infiniti удалось прийти первым, преодолев дистанцию всего за 13,4 секунды и опередив Panamera S на полкорпуса. Стоит отметить, что для этой победы M35h понадобилось уменьшить свое предыдущее лучшее время, составлявшее 13,9031 секунды. Тем самым скоростной гибрид побил свой собственный рекорд, занесенный в Книгу рекордов Гиннесса.||<center><iframe width=\"640\" height=\"360\" src=\"http://www.youtube.com/embed/0TDYrTGyRfw?feature=player_embedded\" f'),(1005,262,1,'Infiniti M35h побил рекорд как самый быстрый гибрид'),(1006,262,2,'24/01/2012'),(1007,263,3,'Москва||дороги'),(1008,263,5,'В рамках борьбы со столичными пробками принято решение убрать светофор в районе Сокольнической площади и главного входа в парк «Сокольники», для чего в ближайшее время начнется строительство подземного перехода. Об этом сообщила пресс-служба Восточного административного округа столицы. Строительство перехода позволит разгрузить улицу Сокольнический Вал, движение по которой в настоящее время часто бывает затруднено.||Кроме того, департамент строительства Москвы поддержал предложение префектуры о строительстве подземного перехода через Русаковскую улицу. Работы по проектированию и строительству перехода начнутся уже в этом году и должны быть закончены в 2013-м.||Обе перехода будут введены в эксплуатацию в рамках проекта по улучшению пропускной способности улиц и дорог города, их строительство включено в Адресную инвестиционную программу на 2012-2014 годы.'),(1009,263,1,'На востоке Москвы станет меньше светофоров '),(1010,263,2,'24/01/2012'),(1011,264,3,'Москва||дороги||власти'),(1012,264,5,'В Москве доля низкопольных автобусов увеличилась до 60%, заявил сегодня, 24 января, мэр столицы Сергей Собянин на заседании правительства города. Низкопольные автобусы актуальны для города сразу по двум причинам: они приспособлены для инвалидов, в том числе инвалидов-колясочников, и отличаются большей вместительностью, чем обычные автобусы. Последнее сейчас особенно актуально, принимая во внимание возрастающий пассажиропоток: с увеличением скорости проезда на наземном общественном транспорте москвичи все чаще выбирают именно его, предпочитая ехать в автобусе по выделенной линии, а не стоять в пробке на частном автомобиле.||С. Собянин также сообщил, что в будущем московские власти намерены полностью перейти на закупку автобусов экологического стандарта Евро-5, отказавшись от транспорта стандарта Евро-4. Это позволит несколько улучшить экологическую ситуацию в городе.'),(1013,264,1,'Московские автобусы станут вместительнее и экологичнее'),(1014,264,2,'24/01/2012'),(1015,265,3,'Ford||шпионские фото||новинки'),(1016,265,5,'Фотошпионам удалось засечь «заряженную» Ford Fiesta ST во время зимних дорожных тестов. Трехдверный концепт Fiesta ST был представлен в сентябре прошлого года на автосалоне во Франкфурте, а позже в Лос-Анджелесе была показана пятидверная версия модели.||Находящаяся на стадии подготовки к запуску в производство серийная версия мало отличается от концептуальной. Она получила новые бамперы и задний спойлер, а также массивную решетку радиатора.||Под капотом Fiesta ST – 1,6-литровый турбодвигатель EcoBoost мощностью 178 л.с., работающий в паре с шестиступенчатой коробкой передач. С такой силовой установкой «заряженная» новинка способна разгоняться с нуля до 100 км/ч менее чем за 7 секунд и развивать скорость до 220 км/ч. Расход топлива составляет 4,7 л/100 км.||Серийную версию автомобиля представят на автосалоне в Париже в сентябре, а в продажу он поступит в начале 2013 года.'),(1017,265,1,'Ford Fiesta ST проходит дорожные тесты. ФОТО'),(1018,265,2,'24/01/2012'),(1019,266,3,'KIA||отзывы'),(1020,266,5,'KIA отзывает 145 755 автомобилей Optima и Rondo из-за брака в подушках безопасности. Из отзываемых автомобилей 95 569 – произведенные в 2006 и 2008 годах Optima. Меньшая часть, а именно 50 186 машин, – компактные минивэны Rondo, произведенные в 2007 и 2008 годах. Все они были проданы в США. Национальная администрация безопасности дорожного движения США (NHTSA) установила, что в рулевых колонках этих автомобилей устанавливалась пружина, которая со временем становится подвержена поломке.||Эта поломка может остаться незамеченной, но в случае столкновения она помешает воздушной подушке раскрыться. В KIA подчеркнули, что пострадавших из-за данного брака нет, но некоторые автовладельцы уже обратились в гарантийные сервисные центры из-за включения предупредительного сигнала о неисправности подушки безопасности: в некоторых случаях поломка пружины вызывала такой эффект. Большую часть проблемных автомобилей ждут в гарантийных сервисах в марте.'),(1021,266,1,'KIA отзывает почти 150 тысяч автомобилей из-за брака в подушках безопасности'),(1022,266,2,'24/01/2012'),(1023,267,3,'АвтоВАЗ||российский автопром'),(1024,267,5,'На АвтоВАЗе готова вторая пилотная партия универсала повышенной вместимости Lada Largus. В нее вошло 20 автомобилей, сообщил начальник производства автомобилей на новой платформе В0 Валентин Журавков. Вторая партия создана для различный испытаний, в том числе для проверки кузовов на вибростендах – для этих целей в партии присутствуют автомобили в трех кузовах: пятиместный и семиместный пассажирские универсалы и грузовой фургон. Всем им также предстоит тест на коррозионную стойкость.||На тольяттинском заводе полным ходом идет отработка технологии сборки, ведь серийное производство универсалов Largus планируется начать уже в феврале нынешнего года.||Напомним, первая пилотная партия из пяти автомобилей была собрана еще в июне 2011 года, но тогда для них использовались кузова, изготовленные на румынском предприятии Dacia.'),(1025,267,1,'АвтоВАЗ выпустил вторую пилотную партию Lada Largus'),(1026,267,2,'24/01/2012'),(1027,268,3,'бензин||цены||статистика'),(1028,268,5,'Розничная цена бензина на АЗС в США за прошедшую неделю установилась немного ниже 3,39 долл./галлон (примерно 28 руб./литр). Напомним, на предыдущей неделе (по состоянию на 16 января) стоимость бензина достигла самой высокой отметки с середины ноября 2011 года. В настоящее время рост цен прекратился, стоимость бензина незначительно снизилась. По итогам отчетной недели, завершившейся 23 января 2012 года, средняя за неделю розничная цена автомобильного бензина категории Regular (аналог российского Аи-92) составила с учетом налогов 3,389 долл./галлон (примерно 89,5 цента/литр).||По итогам завершившейся отчетной недели галлон бензина в США подешевел в среднем на 0,2 цента, а средние за неделю розничные цены на бензин на АЗС в десяти крупнейших городах страны по состоянию на 23 января 2012 г. составили:||– Нью-Йорк – 3,522 долл./галлон;<br>– Бостон – 3,413 долл./галлон;<br>– Чикаго – 3,532 долл./галлон;<br>– Кливленд – 3,344 долл./галлон;<br>– Денвер – 2,297 долл./галлон;<br>– Хьюстон – 3,2'),(1029,268,1,'Наблюдавшийся на прошлой неделе рост цен на бензин в США замедлился'),(1030,268,2,'24/01/2012'),(1031,269,3,'Toyota||мировой автопром||мировой авторынок'),(1032,269,5,'По итогам 2011 года Toyota больше не является крупнейшим в мире автопроизводителем. Виной тому стали природные катаклизмы: из-за стихийных бедствий, парализовавших часть производства сначала в Японии, а затем и в Таиланде, корпорация пропустила вперед не только своего главного конкурента General Motors, но и концерн Volkswagen.||В ушедшем году продажи Toyota упали на 6% - до 7,95 млн автомобилей, а без учета ее дочерних компаний Daihatsu и Hino - до 7,1 млн автомобилей. В то же время мировые продажи GM достигли 9,03 млн автомобилей, а Volkswagen - 8,16 млн.||Согласно последним прогнозам японского автоконцерна, его чистая прибыль сократится на 56% и составит 2,32 млрд долларов против ожидаемых 5 млрд. Из-за наводнений в Таиланде Toyota недополучит 1,55 млрд долларов операционной прибыли, еще 2,45 млрд долларов приходится на потери компании из-за чересчур укрепившейся йены, \"съедающей\" экспортную выручку. ||Впрочем, японская корпорация не сдается и еще намерена вернуть себе мировое лидер'),(1033,269,1,'Toyota потеряла звание крупнейшего автоконцерна в мире'),(1034,269,2,'25/01/2012'),(1035,270,3,'бензин'),(1036,270,5,'Повышение акцизов на бензин в 2012 году увеличит региональные бюджеты на 93-94 млрд рублей, сообщил премьер-министр РФ Владимир Путин. \"Повышение акцизов обусловлено необходимостью формирования дорожных фондов. Это значительные ресурсы - если от транспортного налога регионы получают около 90 млрд рублей, то от повышения акцизов они получат 93-94 млрд рублей\", - отметил он.||Акцизы на бензин, не соответствующий 3-му, 4-му и 5-му классам, с 1 января 2012 года увеличиваются до 7,725 тысяч руб./т. С 1 июля 2012 года ставка акциза на бензин ниже 3-го класса вырастет до 8,255 тысяч руб./т, а на бензин 3-го класса - до 7 882 руб./т. Акцизы на бензин 4-го и 5-го класса составят - 6 822 руб./т и 5 143 руб./т. соответственно.||В 2011г. размер акцизов на бензин, не соответствующий стандартам \"Евро-3, 4, 5\", составил 5,995 тысяч руб./т, соответствующий стандарту \"Евро-3\" - 5,672 тысяч руб./т, \"Евро-4, 5\" - 5,143 тысяч руб./т. Самая высокая ставка акциза на прямогонный бензин составила 6,89 тысяч р'),(1037,270,1,'Повышение акцизов на бензин поможет финансировать строительство и ремонт автодорог'),(1038,270,2,'25/01/2012'),(1039,271,3,'Москва||дороги||ГИБДД-ГАИ'),(1040,271,5,'В 2012 году на столичных дорогах появится 450 комплексов видеофиксации нарушений ПДД, сообщил мэр Москвы Сергей Собянин на заседании коллегии столичного Главного управления МВД РФ во время подведения итогов деятельности ведомства в 2011 году и обсуждения задач на 2012-й.||В конце минувшего года 150 таких комплексов уже было запущено в эксплуатацию. По словам мэра, наступивший год будет еще более сложным для полиции. «Прежде всего, усложняются задачи, стоящие перед нами. Город приступает к масштабной реконструкции улично-дорожной сети. Продолжится реализация мероприятий по созданию парковочной системы города, пешеходных переходов, транспортно-пересадочных узлов», – сказал мэр. Он заключил, что при этом необходимо минимизировать неудобства для водителей и пешеходов из-за временного снижения пропускной способности магистралей.'),(1041,271,1,'В 2012 году количество видеорегистраторов на дорогах Москвы возрастет до 450'),(1042,271,2,'25/01/2012'),(1043,272,3,'Москва||дороги||угоны'),(1044,272,5,'Интеллектуальная транспортная система поможет бороться и с угонами автомобилей. Об этом сообщил мэр столицы Сергей Собянин на состоявшемся сегодня заседании коллегии Главного управления Министерства внутренних дел России по Москве, где подвели итоги проделанной в 2011 году работы и обсудили планы на 2012 год. В столице продолжается активная работа по созданию интеллектуальной транспортной системы, которая должна существенно помочь в решении целого ряда проблем на дорогах города.||«Многие элементы этой системы призваны повысить эффективность работы полиции, например помогать в борьбе с угонами транспортных средств», – отметил мэр. Он добавил, что угоны в Москве по-прежнему остаются серьезной проблемой. За 2001 год их количество выросло на 8%.'),(1045,272,1,'Интеллектуальная транспортная система будет бороться с угонами автомобилей'),(1046,272,2,'25/01/2012'),(1047,273,3,'власти||дороги'),(1048,273,5,'В 2011 году на реализацию программы обеспечения безопасности населения на транспорте было направлено 11 млрд 256,4 млн рублей, сообщил директор департамента транспортной безопасности и специальных программ Министерства транспорта РФ Владимир Муратов. Из них на автомобильный, городской наземный транспорт и дорожное хозяйство затрачено 150 млн рублей.||Кроме того, 707,1 млн рублей было выделено на совершенствование системы надзора и контроля транспортной безопасности, а на реализацию мероприятий по защите от угроз техногенного характера, информированию и оповещению населения на транспорте – 1 млрд 840 млн рублей. В. Муратов добавил, что всего до конца 2013 года на финансирование программы запланировано более 46 млрд рублей.'),(1049,273,1,'Минтранс: На безопасность автомобильного и наземного транспорта затрачено 150 млн руб.'),(1050,273,2,'25/01/2012'),(1051,274,3,'техосмотр'),(1052,274,5,'Прохождение техосмотра необходимо сделать добровольным, предложил глава Федерации автовладельцев России (ФАР) Сергей Канаев на заседании круглого стола, которое прошло в РБК. Это возможно в том случае, если будет создана база данных, куда будет заноситься подробная информация обо всех автомобилях страны. По словам Канаева, такая база данных должна содержать несколько сегментов, которые будут заполнять ГИБДД (в части регистрационных действий с автомобилем), налоговая служба (в части уплаты налогов), страховщики (в части заключения договоров страхования и страховых случаев), сервис-центры (в части информации о ремонтах и ТО автомобиля), а также сам автовладелец.||Такая система стимулировала бы владельца машины более внимательно следить за техническим состоянием автомобиля, чтобы иметь возможность дороже его продать. При этом сам техосмотр, по мнению Канаева, не должен быть обязательным, однако автовладелец сам будет заинтересован в его проведении, чтобы потенциальный покупатель видел, чт'),(1053,274,1,'ФАР: Создание единой базы данных авто позволит сделать ТО добровольным'),(1054,274,2,'25/01/2012'),(1055,275,3,'АвтоВАЗ||российский авторынок'),(1056,275,5,'АвтоВАЗ повысит рекомендуемые розничные цены на автомобили Lada 30 января. Как сообщает пресс-служба компании, в среднем повышение составит 2,4%. Оно обусловлено ростом затрат в минувшем году, когда АвтоВАЗ провел подготовку производства для перехода на выпуск автомобилей Lada, соответствующих экологическому стандарту Евро-4. Кроме того, выросли акцизы, связанные с мощностью применяемых двигателей.||Изменения рекомендуемых розничных цен распространяются только на автомобили 2012 года (по дате выдачи ПТС), соответствующие нормам Евро-4. При этом рекомендованные розничные цены на Lada Granta не изменятся.||Корректировка учитывает структуру спроса на отдельные модели и комплектации и распределяется по семействам следующим образом: Lada 2107 – на 1,9% (новая цена от 213,6 тыс. руб.); Lada 4&#215;4 – на 5,5% пятидверная и на 4,8% трехдверная версия (от 326,3 тыс. руб.); Lada Samara – на 3,0% (от 270,3 тыс. руб.); Lada Kalina – на 3,2% (от 287,9 тыс. руб.); Lada Priora – на 2,9% (от 331,0 ты'),(1057,275,1,'АвтоВАЗ поднимет цены 30 января'),(1058,275,2,'26/01/2012'),(1059,276,3,'ДТП'),(1060,276,5,'ДТП стало причиной частичного схода пригородного поезда с рельсов и вызвало сбой движения на Горьковском направлении. Как сообщает служба по связям с общественностью МЖД, к ДТП на железнодорожном переезде привело грубое нарушение правил дорожного движения водителем.||Водитель пожарной машины решил пересечь железнодорожный переезд перед приближающимся электропоездом. Железнодорожный переезд на этом участке пути оборудован звуковой и световой сигнализацией, которая находится в исправном состоянии, водитель проигнорировал запрещающий сигнал и сбил устройство заграждения переезда. Машинист предпринял экстренное торможение, но избежать столкновения не удалось. Первый вагон электрички сошел с рельсов, пострадавших нет. До полного устранения последствий происшествия движение пассажирских и пригородных поездов было перенаправлено по одному пути Горьковского направления.'),(1061,276,1,'ДТП стало причиной сбоя в движении поездов'),(1062,276,2,'26/01/2012'),(1063,277,3,'ДТП'),(1064,277,5,'В Самаре произошло сразу два ДТП с участием общественного наземного транспорта, в результате которых пострадали шесть человек. Как сообщает пресс-центр управления ГИБДД Главного управления Министерства внутренних дел по Самарской области, водитель автомобиля ВАЗ-21120, будучи в состоянии алкогольного опьянения, выехал на полосу встречного движения и столкнулся с автомобилем Toyota RAV4. После столкновения автомобиль ВАЗ-21120 продолжил движение и врезался в автобус «Богдан-09204». В результате ДТП пострадали пятеро: водитель и два пассажира автомобиля ВАЗ-21120, а также водитель и пассажир автомобиля Toyota RAV4.||Как оказалось, виновник ДТП и находившиеся с ним в автомобиле пассажиры являются сотрудниками управления вневедомственной охраны при ГУ МВД по Самарской области.||Кроме того, в городе произошло ДТП с участием КамАЗа и трамвая. Водитель автомобиля КамАЗ-5511 в нарушение правил дорожного движения не уступил дорогу трамваю, в результате столкновения один из пассажиров трамвая по'),(1065,277,1,'По вине пьяного водителя столкнулись две легковые машины и автобус'),(1066,277,2,'25/01/2012'),(1067,278,3,'Saab'),(1068,278,5,'Музей автомобилей Saab удалось спасти от полной распродажи и сохранить в прежнем виде. Коллекция, в которую входят классические модели этой марки и самые разные концепты, от последних разработок до ставших историческими, была куплена целиком. Сохранение музея стало возможно благодаря городскому совету Трольхеттана и поддержке аэрокосмического концерна Saab AB и фонда Рауля Валленберга. Музей останется в здании, которое и занимал прежде: его аренда также полностью оплачена. Сделка обошлась в 4,1 миллиона долларов.||Председатель муниципального совета Трольхеттана Пауль Акерлунд признался, что музей очень много значит для него и для всего города: «Он часть души Трольхеттана. Многие приезжают сюда специально для того, чтобы его посетить».'),(1069,278,1,'Музей Saab cпасли от ликвидации'),(1070,278,2,'25/01/2012'),(1071,279,3,'ПДД||власти'),(1072,279,5,'Госдума отклонила два законопроекта ЛДПР, касающиеся разрешения поворота направо при красном сигнале светофора и права ГИБДД снимать номерные таблички с автомобиля с излишней тонировкой стекол. Как показал опрос, большинство водителей одобряют предложение разрешить поворачивать на красный, но в Госдуме пришли к выводу, что это только увеличит число наездов на пешеходов. На заседании первый заместитель председателя Комитета по конституционному законодательству и государственному строительству Вячеслав Лысаков в качестве аргумента привел статистику ДТП, из которых каждое четвертое является наездом на пешехода, причем виноват, как правило, водитель. Штраф за поворот на красный остался прежним, он составляет тысячу рублей.||Благодаря отклонению второго законопроекта инспекторы ГИБДД сохранили право снимать номерные таблички с автомобиля, если тонировка его стекол не соответствует нормативам. Впрочем, водитель машины может легко сохранить номера, просто сняв неразрешенную пленку с окон.'),(1073,279,1,'Госдума не разрешила водителям поворачивать на красный'),(1074,279,2,'26/01/2012'),(1075,280,3,'Renault||российский автопром||российский авторынок'),(1076,280,5,'За 2011 год продажи Renault в России выросли на 60% – до 154 734 автомобилей. Доля Renault на российском авторынке увеличилась до 5,8%. В конце года московский завод вышел на производственную мощность 160 тысяч автомобилей в год. Ежедневный объем производства вырос на 32,6% и составил 30 автомобилей в час. Всего за год было произведено 140 671 авто, что на 61,3% больше, чем в 2010 году, когда завод выпустил 87 265 автомобилей. В 2012 году Renault планирует увеличить производственные мощности в Москве на 10%, чтобы в полной мере отвечать продолжающему расти спросу.||Промышленный проект Renault в России предполагает масштабную локальную интеграцию производства. На сегодняшний день доля российских автокомпонентов в моделях Renault Logan и Renault Sandero составляет 60% и включает в себя штампованные детали, бамперы, панель приборов, сиденья, стекла, светотехнику, зеркала заднего вида, выхлопную систему, топливный бак, аккумуляторы, алюминиевые диски колес, шины, эмали, краски и другие вид'),(1077,280,1,'Продажи Renault в России выросли на 60%'),(1078,280,2,'26/01/2012'),(1079,281,3,'ДТП'),(1080,281,5,'Возбуждено уголовное дело в отношении старшего лейтенанта Сергея Апциаури в связи с ДТП, в котором пострадали шесть человек. Он обвиняется в совершении преступления, предусмотренного ч. 1 ст. 264 Уголовного кодекса РФ (нарушение правил дорожного движения и эксплуатации транспортных средств, повлекшее по неосторожности причинение тяжкого вреда здоровью человека). Об этом сообщили в пресс-службе главного военного следственного управления Следственного комитета РФ.||Следствие установило, что 23 января 2012 г. С. Апциаури, управляя личным автомобилем марки Toyota Avensis, не справился с управлением и совершил наезд на группу пешеходов, а затем въехал в витрину ювелирного магазина. В результате ДТП пострадали шесть жителей Североморска, в том числе восьмимесячный младенец и девятилетний ребенок. Грудной ребенок и его мать в данный момент находятся в областной больнице. Состояние пациентов стабильно тяжелое, женщина находится в коме. Еще трое пострадавших были госпитализированы в североморск'),(1081,281,1,'Водитель на Toyota сбил шестерых пешеходов'),(1082,281,2,'26/01/2012'),(1083,282,3,'Москва||парковки'),(1084,282,5,'Власти Москвы приняли решение о разработке программы строительства подземных парковок в центре города. Как сообщает комплекс градостроительной политики и строительства столицы, проект создания механизированных подземных парковок в Центральном округе Москвы должен быть готов уже к середине февраля. Сама программа будет рассчитана на ближайшие четыре года, строительство должно завершиться к 2016 году.||В целях борьбы с острой нехваткой парковочных мест в центре города будет создано почти 1,5 млн машино-мест, что обеспечит население местами для хранения автомобилей на 70%. Все проводимые работы будут осуществляться в рамках программы «Развитие транспортной системы г. Москвы на 2012-2016 гг.». При возведении данных парковок планируется применять технологии, используемые при строительстве метрополитена, которые не отразятся на прилегающей застройке. Как пояснили в пресс-службе префектуры ЦАО, изначально будет представлено 20 площадок, но впоследствии их количество увеличат.'),(1085,282,1,'В центре Москвы появится сеть подземных парковок'),(1086,282,2,'26/01/2012');

/*Table structure for table `PatternType` */

DROP TABLE IF EXISTS `PatternType`;

CREATE TABLE `PatternType` (
  `id` int(11) NOT NULL AUTO_INCREMENT,
  `source_type_id` int(11) DEFAULT NULL,
  `name` varchar(255) NOT NULL,
  PRIMARY KEY (`id`),
  KEY `IDX_1C872F9A8C9334FB` (`source_type_id`),
  CONSTRAINT `FK_1C872F9A8C9334FB` FOREIGN KEY (`source_type_id`) REFERENCES `sourcetype` (`id`)
) ENGINE=InnoDB AUTO_INCREMENT=9 DEFAULT CHARSET=cp1251;

/*Data for the table `PatternType` */

insert  into `PatternType`(`id`,`source_type_id`,`name`) values (1,1,'title'),(2,1,'date'),(3,1,'tags'),(4,1,'author'),(5,1,'content'),(6,1,'next'),(7,1,'list'),(8,1,'post');

/*Table structure for table `Post` */

DROP TABLE IF EXISTS `Post`;

CREATE TABLE `Post` (
  `id` int(11) NOT NULL AUTO_INCREMENT,
  `satellite_id` int(11) DEFAULT NULL,
  `title` varchar(255) NOT NULL,
  `content` text NOT NULL,
  `file_name` varchar(255) NOT NULL,
  `is_page` tinyint(1) DEFAULT NULL,
  PRIMARY KEY (`id`),
  UNIQUE KEY `UNIQ_FAB8C3B3D7DF1668` (`file_name`),
  KEY `IDX_FAB8C3B32D0EAD71` (`satellite_id`),
  CONSTRAINT `FK_FAB8C3B32D0EAD71` FOREIGN KEY (`satellite_id`) REFERENCES `satellite` (`id`)
) ENGINE=InnoDB DEFAULT CHARSET=cp1251;

/*Data for the table `Post` */

/*Table structure for table `Proxy` */

DROP TABLE IF EXISTS `Proxy`;

CREATE TABLE `Proxy` (
  `id` int(11) NOT NULL,
  `ip` int(11) NOT NULL,
  `port` int(11) NOT NULL,
  `proxy_type` varchar(255) DEFAULT NULL,
  `valid` tinyint(1) DEFAULT NULL,
  `checked_at` datetime DEFAULT NULL,
  PRIMARY KEY (`id`),
  UNIQUE KEY `Unique_IP` (`port`,`ip`),
  CONSTRAINT `FK_B2B3E6BABF396750` FOREIGN KEY (`id`) REFERENCES `rawresult` (`id`) ON DELETE CASCADE
) ENGINE=InnoDB DEFAULT CHARSET=cp1251;

/*Data for the table `Proxy` */

/*Table structure for table `RawResult` */

DROP TABLE IF EXISTS `RawResult`;

CREATE TABLE `RawResult` (
  `id` int(11) NOT NULL AUTO_INCREMENT,
  `source_id` int(11) DEFAULT NULL,
  `created_at` datetime NOT NULL,
  `url` varchar(255) NOT NULL,
  `descriminator` tinytext NOT NULL,
  PRIMARY KEY (`id`),
  UNIQUE KEY `UNIQ_2A275658F47645AE` (`url`),
  KEY `IDX_2A275658953C1C61` (`source_id`),
  CONSTRAINT `FK_2A275658953C1C61` FOREIGN KEY (`source_id`) REFERENCES `source` (`id`)
) ENGINE=InnoDB AUTO_INCREMENT=283 DEFAULT CHARSET=cp1251;

/*Data for the table `RawResult` */

insert  into `RawResult`(`id`,`source_id`,`created_at`,`url`,`descriminator`) values (5,1,'2012-01-12 16:46:49','http://www.autonews.ru/automarket_news/index.shtml?2012/01/12/1716495','Content'),(6,1,'2012-01-12 16:46:49','http://www.autonews.ru/automarket_news/index.shtml?2012/01/12/1716488','Content'),(7,1,'2012-01-12 16:46:49','http://www.autonews.ru/automarket_news/index.shtml?2012/01/12/1716478','Content'),(8,1,'2012-01-12 16:46:50','http://www.autonews.ru/automarket_news/index.shtml?2012/01/12/1716477','Content'),(9,1,'2012-01-12 16:46:50','http://www.autonews.ru/automarket_news/index.shtml?2012/01/12/1716470','Content'),(10,1,'2012-01-12 16:46:50','http://www.autonews.ru/automarket_news/index.shtml?2012/01/12/1716467','Content'),(11,1,'2012-01-12 16:46:50','http://www.autonews.ru/automarket_news/index.shtml?2012/01/12/1716462','Content'),(12,1,'2012-01-12 16:46:50','http://www.autonews.ru/automarket_news/index.shtml?2012/01/12/1716453','Content'),(13,1,'2012-01-12 16:46:51','http://www.autonews.ru/automarket_news/index.shtml?2012/01/12/1716451','Content'),(14,1,'2012-01-12 16:46:51','http://www.autonews.ru/automarket_news/index.shtml?2012/01/12/1716448','Content'),(15,1,'2012-01-12 16:46:51','http://www.autonews.ru/automarket_news/index.shtml?2012/01/12/1716434','Content'),(16,1,'2012-01-12 16:46:51','http://www.autonews.ru/automarket_news/index.shtml?2012/01/12/1716424','Content'),(17,1,'2012-01-12 16:46:52','http://www.autonews.ru/automarket_news/index.shtml?2012/01/12/1716422','Content'),(18,1,'2012-01-12 16:46:52','http://www.autonews.ru/automarket_news/index.shtml?2012/01/12/1716418','Content'),(19,1,'2012-01-12 16:46:52','http://www.autonews.ru/automarket_news/index.shtml?2012/01/12/1716417','Content'),(20,1,'2012-01-12 16:46:52','http://www.autonews.ru/automarket_news/index.shtml?2012/01/11/1716386','Content'),(21,1,'2012-01-12 16:46:53','http://www.autonews.ru/automarket_news/index.shtml?2012/01/11/1716399','Content'),(22,1,'2012-01-12 16:46:53','http://www.autonews.ru/automarket_news/index.shtml?2012/01/11/1716388','Content'),(23,1,'2012-01-12 16:46:53','http://www.autonews.ru/automarket_news/index.shtml?2012/01/11/1716380','Content'),(24,1,'2012-01-12 16:46:53','http://www.autonews.ru/automarket_news/index.shtml?2012/01/11/1716379','Content'),(25,1,'2012-01-12 16:46:53','http://www.autonews.ru/automarket_news/index.shtml?2012/01/11/1716378','Content'),(26,1,'2012-01-12 16:46:54','http://www.autonews.ru/automarket_news/index.shtml?2012/01/11/1716375','Content'),(27,1,'2012-01-12 16:46:54','http://www.autonews.ru/automarket_news/index.shtml?2012/01/11/1716374','Content'),(28,1,'2012-01-12 16:46:54','http://www.autonews.ru/automarket_news/index.shtml?2012/01/11/1716361','Content'),(29,1,'2012-01-12 16:46:54','http://www.autonews.ru/automarket_news/index.shtml?2012/01/11/1716365','Content'),(30,1,'2012-01-12 16:46:55','http://www.autonews.ru/automarket_news/index.shtml?2012/01/11/1716356','Content'),(31,1,'2012-01-12 16:46:55','http://www.autonews.ru/automarket_news/index.shtml?2012/01/11/1716369','Content'),(32,1,'2012-01-12 16:46:55','http://www.autonews.ru/automarket_news/index.shtml?2012/01/11/1716329','Content'),(33,1,'2012-01-12 16:46:55','http://www.autonews.ru/automarket_news/index.shtml?2012/01/11/1716326','Content'),(34,1,'2012-01-12 16:46:56','http://www.autonews.ru/automarket_news/index.shtml?2012/01/11/1716321','Content'),(35,1,'2012-01-12 16:46:56','http://www.autonews.ru/automarket_news/index.shtml?2012/01/11/1716284','Content'),(36,1,'2012-01-12 16:46:56','http://www.autonews.ru/automarket_news/index.shtml?2012/01/11/1716265','Content'),(37,1,'2012-01-12 16:46:56','http://www.autonews.ru/automarket_news/index.shtml?2012/01/11/1716260','Content'),(38,1,'2012-01-12 16:46:57','http://www.autonews.ru/automarket_news/index.shtml?2012/01/11/1716257','Content'),(39,1,'2012-01-12 16:46:57','http://www.autonews.ru/automarket_news/index.shtml?2012/01/11/1716256','Content'),(40,1,'2012-01-12 16:46:57','http://www.autonews.ru/automarket_news/index.shtml?2012/01/11/1716255','Content'),(41,1,'2012-01-12 16:46:58','http://www.autonews.ru/automarket_news/index.shtml?2012/01/10/1716234','Content'),(42,1,'2012-01-12 16:46:58','http://www.autonews.ru/automarket_news/index.shtml?2012/01/10/1716229','Content'),(43,1,'2012-01-12 16:46:58','http://www.autonews.ru/automarket_news/index.shtml?2012/01/10/1716222','Content'),(44,1,'2012-01-12 16:46:58','http://www.autonews.ru/automarket_news/index.shtml?2012/01/10/1716215','Content'),(45,1,'2012-01-12 16:46:59','http://www.autonews.ru/automarket_news/index.shtml?2012/01/10/1716214','Content'),(46,1,'2012-01-12 16:46:59','http://www.autonews.ru/automarket_news/index.shtml?2012/01/10/1716208','Content'),(47,1,'2012-01-12 16:46:59','http://www.autonews.ru/automarket_news/index.shtml?2012/01/10/1716206','Content'),(48,1,'2012-01-12 16:46:59','http://www.autonews.ru/automarket_news/index.shtml?2012/01/10/1716180','Content'),(49,1,'2012-01-12 16:47:00','http://www.autonews.ru/automarket_news/index.shtml?2012/01/10/1716198','Content'),(50,1,'2012-01-12 16:47:00','http://www.autonews.ru/automarket_news/index.shtml?2012/01/10/1716197','Content'),(51,1,'2012-01-12 16:47:00','http://www.autonews.ru/automarket_news/index.shtml?2012/01/10/1716177','Content'),(52,1,'2012-01-12 16:47:00','http://www.autonews.ru/automarket_news/index.shtml?2012/01/10/1716182','Content'),(53,1,'2012-01-12 16:47:00','http://www.autonews.ru/automarket_news/index.shtml?2012/01/10/1716175','Content'),(54,1,'2012-01-12 16:47:01','http://www.autonews.ru/automarket_news/index.shtml?2012/01/10/1716156','Content'),(55,1,'2012-01-12 16:47:01','http://www.autonews.ru/automarket_news/index.shtml?2012/01/10/1716154','Content'),(56,1,'2012-01-12 16:47:01','http://www.autonews.ru/automarket_news/index.shtml?2012/01/10/1716121','Content'),(57,1,'2012-01-12 16:47:01','http://www.autonews.ru/automarket_news/index.shtml?2012/01/10/1716125','Content'),(58,1,'2012-01-12 16:47:02','http://www.autonews.ru/automarket_news/index.shtml?2012/01/10/1716110','Content'),(59,1,'2012-01-12 16:47:02','http://www.autonews.ru/automarket_news/index.shtml?2012/01/10/1716105','Content'),(60,1,'2012-01-12 16:47:02','http://www.autonews.ru/automarket_news/index.shtml?2012/01/10/1716101','Content'),(61,1,'2012-01-12 16:47:03','http://www.autonews.ru/automarket_news/index.shtml?2012/01/10/1716099','Content'),(62,1,'2012-01-12 16:47:03','http://www.autonews.ru/automarket_news/index.shtml?2012/01/08/1715997','Content'),(63,1,'2012-01-12 16:47:03','http://www.autonews.ru/automarket_news/index.shtml?2012/01/08/1715996','Content'),(64,1,'2012-01-12 16:47:03','http://www.autonews.ru/automarket_news/index.shtml?2012/01/08/1715990','Content'),(65,1,'2012-01-13 11:43:31','http://www.autonews.ru/automarket_news/index.shtml?2012/01/13/1716576','Content'),(66,1,'2012-01-13 11:43:31','http://www.autonews.ru/automarket_news/index.shtml?2012/01/13/1716572','Content'),(67,1,'2012-01-13 11:43:31','http://www.autonews.ru/automarket_news/index.shtml?2012/01/13/1716552','Content'),(68,1,'2012-01-13 11:43:31','http://www.autonews.ru/automarket_news/index.shtml?2012/01/13/1716541','Content'),(69,1,'2012-01-13 11:43:32','http://www.autonews.ru/automarket_news/index.shtml?2012/01/13/1716532','Content'),(70,1,'2012-01-13 11:43:32','http://www.autonews.ru/automarket_news/index.shtml?2012/01/13/1716526','Content'),(71,1,'2012-01-13 11:43:32','http://www.autonews.ru/automarket_news/index.shtml?2012/01/13/1716525','Content'),(72,1,'2012-01-13 11:43:32','http://www.autonews.ru/automarket_news/index.shtml?2012/01/12/1716504','Content'),(73,1,'2012-01-13 11:43:33','http://www.autonews.ru/automarket_news/index.shtml?2012/01/12/1716498','Content'),(74,1,'2012-01-13 13:07:53','http://www.autonews.ru/automarket_news/index.shtml?2012/01/13/1716583','Content'),(75,1,'2012-01-13 13:07:54','http://www.autonews.ru/automarket_news/index.shtml?2012/01/13/1716577','Content'),(76,1,'2012-01-17 10:22:09','http://www.autonews.ru/automarket_news/index.shtml?2012/01/17/1716902','Content'),(77,1,'2012-01-17 10:22:09','http://www.autonews.ru/automarket_news/index.shtml?2012/01/17/1716893','Content'),(78,1,'2012-01-17 10:22:10','http://www.autonews.ru/automarket_news/index.shtml?2012/01/17/1716888','Content'),(79,1,'2012-01-17 10:22:10','http://www.autonews.ru/automarket_news/index.shtml?2012/01/17/1716861','Content'),(80,1,'2012-01-17 10:22:10','http://www.autonews.ru/automarket_news/index.shtml?2012/01/16/1716856','Content'),(81,1,'2012-01-17 10:22:10','http://www.autonews.ru/automarket_news/index.shtml?2012/01/16/1716853','Content'),(82,1,'2012-01-17 10:22:11','http://www.autonews.ru/automarket_news/index.shtml?2012/01/16/1716854','Content'),(83,1,'2012-01-17 10:22:11','http://www.autonews.ru/automarket_news/index.shtml?2012/01/16/1716843','Content'),(84,1,'2012-01-17 10:22:11','http://www.autonews.ru/automarket_news/index.shtml?2012/01/16/1716844','Content'),(85,1,'2012-01-17 10:22:12','http://www.autonews.ru/automarket_news/index.shtml?2012/01/16/1716855','Content'),(86,1,'2012-01-17 10:22:12','http://www.autonews.ru/automarket_news/index.shtml?2012/01/16/1716840','Content'),(87,1,'2012-01-17 10:22:12','http://www.autonews.ru/automarket_news/index.shtml?2012/01/16/1716837','Content'),(88,1,'2012-01-17 10:22:12','http://www.autonews.ru/automarket_news/index.shtml?2012/01/16/1716841','Content'),(89,1,'2012-01-17 10:22:12','http://www.autonews.ru/automarket_news/index.shtml?2012/01/16/1716830','Content'),(90,1,'2012-01-17 10:22:13','http://www.autonews.ru/automarket_news/index.shtml?2012/01/16/1716827','Content'),(91,1,'2012-01-17 10:22:13','http://www.autonews.ru/automarket_news/index.shtml?2012/01/16/1716818','Content'),(92,1,'2012-01-17 10:22:13','http://www.autonews.ru/automarket_news/index.shtml?2012/01/16/1716815','Content'),(93,1,'2012-01-17 10:22:14','http://www.autonews.ru/automarket_news/index.shtml?2012/01/16/1716810','Content'),(94,1,'2012-01-17 10:22:14','http://www.autonews.ru/automarket_news/index.shtml?2012/01/16/1716802','Content'),(95,1,'2012-01-17 10:22:14','http://www.autonews.ru/automarket_news/index.shtml?2012/01/16/1716800','Content'),(96,1,'2012-01-17 10:22:14','http://www.autonews.ru/automarket_news/index.shtml?2012/01/16/1716797','Content'),(97,1,'2012-01-17 10:22:15','http://www.autonews.ru/automarket_news/index.shtml?2012/01/16/1716783','Content'),(98,1,'2012-01-17 10:22:15','http://www.autonews.ru/automarket_news/index.shtml?2012/01/16/1716778','Content'),(99,1,'2012-01-17 10:22:15','http://www.autonews.ru/automarket_news/index.shtml?2012/01/16/1716766','Content'),(100,1,'2012-01-17 10:22:15','http://www.autonews.ru/automarket_news/index.shtml?2012/01/16/1716756','Content'),(101,1,'2012-01-17 10:22:16','http://www.autonews.ru/automarket_news/index.shtml?2012/01/16/1716754','Content'),(102,1,'2012-01-17 10:22:16','http://www.autonews.ru/automarket_news/index.shtml?2012/01/16/1716739','Content'),(103,1,'2012-01-17 10:22:16','http://www.autonews.ru/automarket_news/index.shtml?2012/01/16/1716735','Content'),(104,1,'2012-01-17 10:22:17','http://www.autonews.ru/automarket_news/index.shtml?2012/01/15/1716715','Content'),(105,1,'2012-01-17 10:22:17','http://www.autonews.ru/automarket_news/index.shtml?2012/01/15/1716713','Content'),(106,1,'2012-01-17 10:22:17','http://www.autonews.ru/automarket_news/index.shtml?2012/01/15/1716707','Content'),(107,1,'2012-01-17 10:22:17','http://www.autonews.ru/automarket_news/index.shtml?2012/01/15/1716706','Content'),(108,1,'2012-01-17 10:22:18','http://www.autonews.ru/automarket_news/index.shtml?2012/01/15/1716705','Content'),(109,1,'2012-01-17 10:22:18','http://www.autonews.ru/automarket_news/index.shtml?2012/01/15/1716702','Content'),(110,1,'2012-01-17 10:22:18','http://www.autonews.ru/automarket_news/index.shtml?2012/01/14/1716700','Content'),(111,1,'2012-01-17 10:22:19','http://www.autonews.ru/automarket_news/index.shtml?2012/01/14/1716698','Content'),(112,1,'2012-01-17 10:22:19','http://www.autonews.ru/automarket_news/index.shtml?2012/01/14/1716697','Content'),(113,1,'2012-01-17 10:22:19','http://www.autonews.ru/automarket_news/index.shtml?2012/01/14/1716696','Content'),(114,1,'2012-01-17 10:22:20','http://www.autonews.ru/automarket_news/index.shtml?2012/01/14/1716695','Content'),(115,1,'2012-01-17 10:22:20','http://www.autonews.ru/automarket_news/index.shtml?2012/01/14/1716693','Content'),(116,1,'2012-01-17 10:22:20','http://www.autonews.ru/automarket_news/index.shtml?2012/01/14/1716692','Content'),(117,1,'2012-01-17 10:22:20','http://www.autonews.ru/automarket_news/index.shtml?2012/01/13/1716676','Content'),(118,1,'2012-01-17 10:22:20','http://www.autonews.ru/automarket_news/index.shtml?2012/01/13/1716673','Content'),(119,1,'2012-01-17 10:22:21','http://www.autonews.ru/automarket_news/index.shtml?2012/01/13/1716670','Content'),(120,1,'2012-01-17 10:22:21','http://www.autonews.ru/automarket_news/index.shtml?2012/01/13/1716663','Content'),(121,1,'2012-01-17 10:22:21','http://www.autonews.ru/automarket_news/index.shtml?2012/01/13/1716651','Content'),(122,1,'2012-01-17 10:22:22','http://www.autonews.ru/automarket_news/index.shtml?2012/01/13/1716647','Content'),(123,1,'2012-01-17 10:22:22','http://www.autonews.ru/automarket_news/index.shtml?2012/01/13/1716590','Content'),(124,1,'2012-01-17 10:22:22','http://www.autonews.ru/automarket_news/index.shtml?2012/01/13/1716641','Content'),(125,1,'2012-01-17 10:22:23','http://www.autonews.ru/automarket_news/index.shtml?2012/01/13/1716633','Content'),(126,1,'2012-01-17 10:22:23','http://www.autonews.ru/automarket_news/index.shtml?2012/01/13/1716617','Content'),(127,1,'2012-01-17 10:22:23','http://www.autonews.ru/automarket_news/index.shtml?2012/01/13/1716616','Content'),(128,1,'2012-01-17 10:22:24','http://www.autonews.ru/automarket_news/index.shtml?2012/01/13/1716608','Content'),(129,1,'2012-01-18 10:24:29','http://www.autonews.ru/automarket_news/index.shtml?2012/01/18/1717132','Content'),(130,1,'2012-01-18 10:24:31','http://www.autonews.ru/automarket_news/index.shtml?2012/01/18/1717129','Content'),(131,1,'2012-01-18 10:24:31','http://www.autonews.ru/automarket_news/index.shtml?2012/01/18/1717122','Content'),(132,1,'2012-01-18 10:24:32','http://www.autonews.ru/automarket_news/index.shtml?2012/01/18/1717116','Content'),(133,1,'2012-01-18 10:24:33','http://www.autonews.ru/automarket_news/index.shtml?2012/01/17/1717082','Content'),(134,1,'2012-01-18 10:24:34','http://www.autonews.ru/automarket_news/index.shtml?2012/01/17/1717066','Content'),(135,1,'2012-01-18 10:24:35','http://www.autonews.ru/automarket_news/index.shtml?2012/01/17/1717064','Content'),(136,1,'2012-01-18 10:24:35','http://www.autonews.ru/automarket_news/index.shtml?2012/01/17/1717041','Content'),(137,1,'2012-01-18 10:24:36','http://www.autonews.ru/automarket_news/index.shtml?2012/01/17/1717013','Content'),(138,1,'2012-01-18 10:24:37','http://www.autonews.ru/automarket_news/index.shtml?2012/01/17/1717023','Content'),(139,1,'2012-01-18 10:24:37','http://www.autonews.ru/automarket_news/index.shtml?2012/01/17/1716986','Content'),(140,1,'2012-01-18 10:24:38','http://www.autonews.ru/automarket_news/index.shtml?2012/01/17/1716983','Content'),(141,1,'2012-01-18 10:24:39','http://www.autonews.ru/automarket_news/index.shtml?2012/01/17/1716972','Content'),(142,1,'2012-01-18 10:24:39','http://www.autonews.ru/automarket_news/index.shtml?2012/01/17/1716958','Content'),(143,1,'2012-01-18 10:24:40','http://www.autonews.ru/automarket_news/index.shtml?2012/01/17/1716953','Content'),(144,1,'2012-01-18 10:24:40','http://www.autonews.ru/automarket_news/index.shtml?2012/01/17/1716948','Content'),(145,1,'2012-01-18 10:24:42','http://www.autonews.ru/automarket_news/index.shtml?2012/01/17/1716939','Content'),(146,1,'2012-01-18 10:24:43','http://www.autonews.ru/automarket_news/index.shtml?2012/01/17/1716918','Content'),(147,1,'2012-01-18 10:24:44','http://www.autonews.ru/automarket_news/index.shtml?2012/01/17/1716910','Content'),(148,1,'2012-01-18 14:37:34','http://www.autonews.ru/automarket_news/index.shtml?2012/01/18/1717201','Content'),(149,1,'2012-01-18 14:37:34','http://www.autonews.ru/automarket_news/index.shtml?2012/01/18/1717200','Content'),(150,1,'2012-01-18 14:37:35','http://www.autonews.ru/automarket_news/index.shtml?2012/01/18/1717196','Content'),(151,1,'2012-01-18 14:37:35','http://www.autonews.ru/automarket_news/index.shtml?2012/01/18/1717185','Content'),(152,1,'2012-01-18 14:37:35','http://www.autonews.ru/automarket_news/index.shtml?2012/01/18/1717174','Content'),(153,1,'2012-01-18 14:37:36','http://www.autonews.ru/automarket_news/index.shtml?2012/01/18/1717163','Content'),(154,1,'2012-01-18 14:37:36','http://www.autonews.ru/automarket_news/index.shtml?2012/01/18/1717161','Content'),(155,1,'2012-01-18 14:37:36','http://www.autonews.ru/automarket_news/index.shtml?2012/01/18/1717160','Content'),(156,1,'2012-01-18 14:37:36','http://www.autonews.ru/automarket_news/index.shtml?2012/01/18/1717158','Content'),(157,1,'2012-01-18 16:26:39','http://www.autonews.ru/automarket_news/index.shtml?2012/01/18/1717184','Content'),(158,1,'2012-01-18 16:26:40','http://www.autonews.ru/automarket_news/index.shtml?2012/01/18/1717208','Content'),(159,1,'2012-01-18 16:52:37','http://www.autonews.ru/automarket_news/index.shtml?2012/01/18/1717220','Content'),(160,1,'2012-01-18 16:52:37','http://www.autonews.ru/automarket_news/index.shtml?2012/01/18/1717219','Content'),(161,1,'2012-01-19 09:59:14','http://www.autonews.ru/automarket_news/index.shtml?2012/01/19/1717285','Content'),(162,1,'2012-01-19 09:59:15','http://www.autonews.ru/automarket_news/index.shtml?2012/01/19/1717282','Content'),(163,1,'2012-01-19 09:59:15','http://www.autonews.ru/automarket_news/index.shtml?2012/01/18/1717251','Content'),(164,1,'2012-01-19 09:59:15','http://www.autonews.ru/automarket_news/index.shtml?2012/01/18/1717247','Content'),(165,1,'2012-01-19 09:59:16','http://www.autonews.ru/automarket_news/index.shtml?2012/01/18/1717245','Content'),(166,1,'2012-01-19 09:59:16','http://www.autonews.ru/automarket_news/index.shtml?2012/01/18/1717241','Content'),(167,1,'2012-01-19 09:59:16','http://www.autonews.ru/automarket_news/index.shtml?2012/01/18/1717239','Content'),(168,1,'2012-01-19 17:21:43','http://www.autonews.ru/automarket_news/index.shtml?2012/01/19/1717367','Content'),(169,1,'2012-01-19 17:21:44','http://www.autonews.ru/automarket_news/index.shtml?2012/01/19/1717366','Content'),(170,1,'2012-01-19 17:21:44','http://www.autonews.ru/automarket_news/index.shtml?2012/01/19/1717364','Content'),(171,1,'2012-01-19 17:21:45','http://www.autonews.ru/automarket_news/index.shtml?2012/01/19/1717360','Content'),(172,1,'2012-01-19 17:21:46','http://www.autonews.ru/automarket_news/index.shtml?2012/01/19/1717358','Content'),(173,1,'2012-01-19 17:21:46','http://www.autonews.ru/automarket_news/index.shtml?2012/01/19/1717347','Content'),(174,1,'2012-01-19 17:21:46','http://www.autonews.ru/automarket_news/index.shtml?2012/01/19/1717342','Content'),(175,1,'2012-01-19 17:21:47','http://www.autonews.ru/automarket_news/index.shtml?2012/01/19/1717341','Content'),(176,1,'2012-01-19 17:21:47','http://www.autonews.ru/automarket_news/index.shtml?2012/01/19/1717336','Content'),(177,1,'2012-01-19 17:21:47','http://www.autonews.ru/automarket_news/index.shtml?2012/01/19/1717337','Content'),(178,1,'2012-01-19 17:21:50','http://www.autonews.ru/automarket_news/index.shtml?2012/01/19/1717327','Content'),(179,1,'2012-01-19 17:21:50','http://www.autonews.ru/automarket_news/index.shtml?2012/01/19/1717312','Content'),(180,1,'2012-01-19 17:21:51','http://www.autonews.ru/automarket_news/index.shtml?2012/01/19/1717319','Content'),(181,1,'2012-01-19 17:21:51','http://www.autonews.ru/automarket_news/index.shtml?2012/01/19/1717294','Content'),(182,1,'2012-01-20 10:16:24','http://www.autonews.ru/automarket_news/index.shtml?2012/01/20/1717408','Content'),(183,1,'2012-01-20 10:16:25','http://www.autonews.ru/automarket_news/index.shtml?2012/01/20/1717414','Content'),(184,1,'2012-01-20 10:16:26','http://www.autonews.ru/automarket_news/index.shtml?2012/01/20/1717407','Content'),(185,1,'2012-01-20 10:16:27','http://www.autonews.ru/automarket_news/index.shtml?2012/01/19/1717394','Content'),(186,1,'2012-01-20 10:16:28','http://www.autonews.ru/automarket_news/index.shtml?2012/01/19/1717391','Content'),(187,1,'2012-01-20 10:16:29','http://www.autonews.ru/automarket_news/index.shtml?2012/01/19/1717397','Content'),(188,1,'2012-01-20 10:16:30','http://www.autonews.ru/automarket_news/index.shtml?2012/01/19/1717382','Content'),(189,1,'2012-01-20 10:16:30','http://www.autonews.ru/automarket_news/index.shtml?2012/01/19/1717375','Content'),(190,1,'2012-01-20 10:16:31','http://www.autonews.ru/automarket_news/index.shtml?2012/01/19/1717378','Content'),(191,1,'2012-01-20 10:57:22','http://www.autonews.ru/automarket_news/index.shtml?2012/01/20/1717409','Content'),(192,1,'2012-01-20 10:57:24','http://www.autonews.ru/automarket_news/index.shtml?2012/01/20/1717413','Content'),(193,1,'2012-01-20 16:23:24','http://www.autonews.ru/automarket_news/index.shtml?2012/01/20/1717533','Content'),(194,1,'2012-01-20 16:23:24','http://www.autonews.ru/automarket_news/index.shtml?2012/01/20/1717506','Content'),(195,1,'2012-01-20 16:23:25','http://www.autonews.ru/automarket_news/index.shtml?2012/01/20/1717503','Content'),(196,1,'2012-01-20 16:23:26','http://www.autonews.ru/automarket_news/index.shtml?2012/01/20/1717499','Content'),(197,1,'2012-01-20 16:23:26','http://www.autonews.ru/automarket_news/index.shtml?2012/01/20/1717498','Content'),(198,1,'2012-01-20 16:23:27','http://www.autonews.ru/automarket_news/index.shtml?2012/01/20/1717489','Content'),(199,1,'2012-01-20 16:23:27','http://www.autonews.ru/automarket_news/index.shtml?2012/01/20/1717479','Content'),(200,1,'2012-01-20 16:23:27','http://www.autonews.ru/automarket_news/index.shtml?2012/01/20/1717468','Content'),(201,1,'2012-01-20 17:00:57','http://www.autonews.ru/automarket_news/index.shtml?2012/01/20/1717546','Content'),(202,1,'2012-01-20 17:00:58','http://www.autonews.ru/automarket_news/index.shtml?2012/01/20/1717411','Content'),(203,1,'2012-01-20 17:00:58','http://www.autonews.ru/automarket_news/index.shtml?2012/01/20/1717539','Content'),(204,1,'2012-01-23 15:33:34','http://www.autonews.ru/automarket_news/index.shtml?2012/01/23/1717793','Content'),(205,1,'2012-01-23 15:33:34','http://www.autonews.ru/automarket_news/index.shtml?2012/01/23/1717790','Content'),(206,1,'2012-01-23 15:33:34','http://www.autonews.ru/automarket_news/index.shtml?2012/01/23/1717788','Content'),(207,1,'2012-01-23 15:33:35','http://www.autonews.ru/automarket_news/index.shtml?2012/01/23/1717778','Content'),(208,1,'2012-01-23 15:33:35','http://www.autonews.ru/automarket_news/index.shtml?2012/01/23/1717772','Content'),(209,1,'2012-01-23 15:33:35','http://www.autonews.ru/automarket_news/index.shtml?2012/01/23/1717763','Content'),(210,1,'2012-01-23 15:33:36','http://www.autonews.ru/automarket_news/index.shtml?2012/01/23/1717738','Content'),(211,1,'2012-01-23 15:33:36','http://www.autonews.ru/automarket_news/index.shtml?2012/01/23/1717707','Content'),(212,1,'2012-01-23 15:33:36','http://www.autonews.ru/automarket_news/index.shtml?2012/01/23/1717703','Content'),(213,1,'2012-01-23 15:33:37','http://www.autonews.ru/automarket_news/index.shtml?2012/01/23/1717690','Content'),(214,1,'2012-01-23 15:33:37','http://www.autonews.ru/automarket_news/index.shtml?2012/01/23/1717662','Content'),(215,1,'2012-01-23 15:33:38','http://www.autonews.ru/automarket_news/index.shtml?2012/01/22/1717649','Content'),(216,1,'2012-01-23 15:33:38','http://www.autonews.ru/automarket_news/index.shtml?2012/01/22/1717647','Content'),(217,1,'2012-01-23 15:33:38','http://www.autonews.ru/automarket_news/index.shtml?2012/01/22/1717646','Content'),(218,1,'2012-01-23 15:33:39','http://www.autonews.ru/automarket_news/index.shtml?2012/01/22/1717645','Content'),(219,1,'2012-01-23 15:33:39','http://www.autonews.ru/automarket_news/index.shtml?2012/01/22/1717644','Content'),(220,1,'2012-01-23 15:33:39','http://www.autonews.ru/automarket_news/index.shtml?2012/01/22/1717643','Content'),(221,1,'2012-01-23 15:33:40','http://www.autonews.ru/automarket_news/index.shtml?2012/01/22/1717642','Content'),(222,1,'2012-01-23 15:33:40','http://www.autonews.ru/automarket_news/index.shtml?2012/01/21/1717623','Content'),(223,1,'2012-01-23 15:33:41','http://www.autonews.ru/automarket_news/index.shtml?2012/01/21/1717622','Content'),(224,1,'2012-01-23 15:33:41','http://www.autonews.ru/automarket_news/index.shtml?2012/01/21/1717621','Content'),(225,1,'2012-01-23 15:33:41','http://www.autonews.ru/automarket_news/index.shtml?2012/01/21/1717619','Content'),(226,1,'2012-01-23 15:33:42','http://www.autonews.ru/automarket_news/index.shtml?2012/01/21/1717617','Content'),(227,1,'2012-01-23 15:33:42','http://www.autonews.ru/automarket_news/index.shtml?2012/01/21/1717613','Content'),(228,1,'2012-01-23 15:33:42','http://www.autonews.ru/automarket_news/index.shtml?2012/01/21/1717612','Content'),(229,1,'2012-01-23 15:33:43','http://www.autonews.ru/automarket_news/index.shtml?2012/01/20/1717576','Content'),(230,1,'2012-01-23 15:33:43','http://www.autonews.ru/automarket_news/index.shtml?2012/01/20/1717572','Content'),(231,1,'2012-01-23 15:33:44','http://www.autonews.ru/automarket_news/index.shtml?2012/01/20/1717569','Content'),(232,1,'2012-01-23 15:33:44','http://www.autonews.ru/automarket_news/index.shtml?2012/01/20/1717564','Content'),(233,1,'2012-01-23 15:33:44','http://www.autonews.ru/automarket_news/index.shtml?2012/01/20/1717560','Content'),(234,1,'2012-01-23 17:17:36','http://www.autonews.ru/automarket_news/index.shtml?2012/01/23/1717803','Content'),(235,1,'2012-01-23 17:17:36','http://www.autonews.ru/automarket_news/index.shtml?2012/01/23/1717796','Content'),(236,1,'2012-01-23 17:17:37','http://www.autonews.ru/automarket_news/index.shtml?2012/01/23/1717795','Content'),(237,1,'2012-01-24 13:55:55','http://www.autonews.ru/automarket_news/index.shtml?2012/01/24/1717910','Content'),(238,1,'2012-01-24 13:55:55','http://www.autonews.ru/automarket_news/index.shtml?2012/01/24/1717904','Content'),(239,1,'2012-01-24 13:55:56','http://www.autonews.ru/automarket_news/index.shtml?2012/01/24/1717892','Content'),(240,1,'2012-01-24 13:55:56','http://www.autonews.ru/automarket_news/index.shtml?2012/01/24/1717890','Content'),(241,1,'2012-01-24 13:55:57','http://www.autonews.ru/automarket_news/index.shtml?2012/01/24/1717885','Content'),(242,1,'2012-01-24 13:55:57','http://www.autonews.ru/automarket_news/index.shtml?2012/01/24/1717875','Content'),(243,1,'2012-01-24 13:56:00','http://www.autonews.ru/automarket_news/index.shtml?2012/01/24/1717845','Content'),(244,1,'2012-01-24 13:56:01','http://www.autonews.ru/automarket_news/index.shtml?2012/01/24/1717839','Content'),(245,1,'2012-01-24 13:56:01','http://www.autonews.ru/automarket_news/index.shtml?2012/01/24/1717835','Content'),(246,1,'2012-01-24 13:56:01','http://www.autonews.ru/automarket_news/index.shtml?2012/01/23/1717826','Content'),(247,1,'2012-01-24 13:56:01','http://www.autonews.ru/automarket_news/index.shtml?2012/01/23/1717824','Content'),(248,1,'2012-01-24 13:56:02','http://www.autonews.ru/automarket_news/index.shtml?2012/01/23/1717822','Content'),(249,1,'2012-01-24 13:56:03','http://www.autonews.ru/automarket_news/index.shtml?2012/01/23/1717810','Content'),(250,1,'2012-01-24 13:56:03','http://www.autonews.ru/automarket_news/index.shtml?2012/01/23/1717807','Content'),(251,1,'2012-01-25 13:45:40','http://www.autonews.ru/automarket_news/index.shtml?2012/01/25/1718030','Content'),(252,1,'2012-01-25 13:45:42','http://www.autonews.ru/automarket_news/index.shtml?2012/01/25/1718025','Content'),(253,1,'2012-01-25 13:45:44','http://www.autonews.ru/automarket_news/index.shtml?2012/01/25/1718020','Content'),(254,1,'2012-01-25 13:45:47','http://www.autonews.ru/automarket_news/index.shtml?2012/01/25/1718019','Content'),(255,1,'2012-01-25 13:45:52','http://www.autonews.ru/automarket_news/index.shtml?2012/01/25/1718017','Content'),(256,1,'2012-01-25 13:45:54','http://www.autonews.ru/automarket_news/index.shtml?2012/01/25/1718011','Content'),(257,1,'2012-01-25 13:45:57','http://www.autonews.ru/automarket_news/index.shtml?2012/01/25/1717993','Content'),(258,1,'2012-01-25 13:45:59','http://www.autonews.ru/automarket_news/index.shtml?2012/01/25/1717985','Content'),(259,1,'2012-01-25 13:46:00','http://www.autonews.ru/automarket_news/index.shtml?2012/01/25/1717967','Content'),(260,1,'2012-01-25 13:46:01','http://www.autonews.ru/automarket_news/index.shtml?2012/01/25/1717963','Content'),(261,1,'2012-01-25 13:46:02','http://www.autonews.ru/automarket_news/index.shtml?2012/01/24/1717936','Content'),(262,1,'2012-01-25 13:46:03','http://www.autonews.ru/automarket_news/index.shtml?2012/01/24/1717940','Content'),(263,1,'2012-01-25 13:46:04','http://www.autonews.ru/automarket_news/index.shtml?2012/01/24/1717935','Content'),(264,1,'2012-01-25 13:46:05','http://www.autonews.ru/automarket_news/index.shtml?2012/01/24/1717928','Content'),(265,1,'2012-01-25 13:46:06','http://www.autonews.ru/automarket_news/index.shtml?2012/01/24/1717926','Content'),(266,1,'2012-01-25 13:46:07','http://www.autonews.ru/automarket_news/index.shtml?2012/01/24/1717921','Content'),(267,1,'2012-01-25 13:46:08','http://www.autonews.ru/automarket_news/index.shtml?2012/01/24/1717919','Content'),(268,1,'2012-01-25 13:46:09','http://www.autonews.ru/automarket_news/index.shtml?2012/01/24/1717911','Content'),(269,1,'2012-01-25 15:42:31','http://www.autonews.ru/automarket_news/index.shtml?2012/01/25/1718050','Content'),(270,1,'2012-01-25 15:42:32','http://www.autonews.ru/automarket_news/index.shtml?2012/01/25/1718044','Content'),(271,1,'2012-01-25 15:42:33','http://www.autonews.ru/automarket_news/index.shtml?2012/01/25/1718027','Content'),(272,1,'2012-01-25 15:42:35','http://www.autonews.ru/automarket_news/index.shtml?2012/01/25/1718040','Content'),(273,1,'2012-01-25 17:00:51','http://www.autonews.ru/automarket_news/index.shtml?2012/01/25/1718065','Content'),(274,1,'2012-01-25 17:00:51','http://www.autonews.ru/automarket_news/index.shtml?2012/01/25/1718053','Content'),(275,1,'2012-01-26 09:37:44','http://www.autonews.ru/automarket_news/index.shtml?2012/01/26/1718109','Content'),(276,1,'2012-01-26 09:37:45','http://www.autonews.ru/automarket_news/index.shtml?2012/01/26/1718100','Content'),(277,1,'2012-01-26 09:37:46','http://www.autonews.ru/automarket_news/index.shtml?2012/01/25/1718056','Content'),(278,1,'2012-01-26 09:37:46','http://www.autonews.ru/automarket_news/index.shtml?2012/01/25/1718086','Content'),(279,1,'2012-01-26 11:49:46','http://www.autonews.ru/automarket_news/index.shtml?2012/01/26/1718174','Content'),(280,1,'2012-01-26 11:49:47','http://www.autonews.ru/automarket_news/index.shtml?2012/01/26/1718145','Content'),(281,1,'2012-01-26 11:49:47','http://www.autonews.ru/automarket_news/index.shtml?2012/01/26/1718144','Content'),(282,1,'2012-01-26 11:49:48','http://www.autonews.ru/automarket_news/index.shtml?2012/01/26/1718117','Content');

/*Table structure for table `Register` */

DROP TABLE IF EXISTS `Register`;

CREATE TABLE `Register` (
  `id` int(11) NOT NULL AUTO_INCREMENT,
  `url` varchar(255) NOT NULL,
  PRIMARY KEY (`id`)
) ENGINE=InnoDB AUTO_INCREMENT=3 DEFAULT CHARSET=cp1251;

/*Data for the table `Register` */

insert  into `Register`(`id`,`url`) values (1,'check.ru');

/*Table structure for table `RegisterAccount` */

DROP TABLE IF EXISTS `RegisterAccount`;

CREATE TABLE `RegisterAccount` (
  `id` int(11) NOT NULL,
  `register_id` int(11) DEFAULT NULL,
  PRIMARY KEY (`id`),
  KEY `IDX_70CDCECF4976CB7E` (`register_id`),
  CONSTRAINT `FK_70CDCECFBF396750` FOREIGN KEY (`id`) REFERENCES `account` (`id`) ON DELETE CASCADE,
  CONSTRAINT `FK_70CDCECF4976CB7E` FOREIGN KEY (`register_id`) REFERENCES `register` (`id`)
) ENGINE=InnoDB DEFAULT CHARSET=cp1251;

/*Data for the table `RegisterAccount` */

insert  into `RegisterAccount`(`id`,`register_id`) values (1,1);

/*Table structure for table `Rule` */

DROP TABLE IF EXISTS `Rule`;

CREATE TABLE `Rule` (
  `id` int(11) NOT NULL AUTO_INCREMENT,
  `source_id` int(11) DEFAULT NULL,
  `pattern_type_id` int(11) DEFAULT NULL,
  `pattern` varchar(255) DEFAULT NULL,
  PRIMARY KEY (`id`),
  KEY `IDX_E6EA03F2953C1C61` (`source_id`),
  KEY `IDX_E6EA03F2EE49CE3` (`pattern_type_id`),
  CONSTRAINT `FK_E6EA03F2EE49CE3` FOREIGN KEY (`pattern_type_id`) REFERENCES `patterntype` (`id`),
  CONSTRAINT `FK_E6EA03F2953C1C61` FOREIGN KEY (`source_id`) REFERENCES `source` (`id`)
) ENGINE=InnoDB AUTO_INCREMENT=48 DEFAULT CHARSET=cp1251;

/*Data for the table `Rule` */

insert  into `Rule`(`id`,`source_id`,`pattern_type_id`,`pattern`) values (43,1,3,'/<a href=\"\\/tags\\/.*?\">(.*?)<\\/a>/i'),(44,1,8,'/<a href=\"(.*?)\" class=\"black\" title=\"\">.*?<\\/a>/i'),(45,1,5,'/<p class=text>(.*?)<\\/p>/ims'),(46,1,1,'/<h3 class=modelname>(.*?)<\\/h3>/i'),(47,1,2,'/<\\/a>.*?: (.*?)<\\/h3>/i');

/*Table structure for table `Satellite` */

DROP TABLE IF EXISTS `Satellite`;

CREATE TABLE `Satellite` (
  `id` int(11) NOT NULL AUTO_INCREMENT,
  `domen_id` int(11) DEFAULT NULL,
  `theme_id` int(11) DEFAULT NULL,
  `ftp_account_id` int(11) DEFAULT NULL,
  PRIMARY KEY (`id`),
  UNIQUE KEY `UNIQ_ED36A894EB3C358F` (`domen_id`),
  KEY `IDX_ED36A89459027487` (`theme_id`),
  KEY `IDX_ED36A89468043490` (`ftp_account_id`),
  CONSTRAINT `FK_ED36A89468043490` FOREIGN KEY (`ftp_account_id`) REFERENCES `ftpaccount` (`id`),
  CONSTRAINT `FK_ED36A89459027487` FOREIGN KEY (`theme_id`) REFERENCES `theme` (`id`),
  CONSTRAINT `FK_ED36A894EB3C358F` FOREIGN KEY (`domen_id`) REFERENCES `domen` (`id`) ON DELETE CASCADE
) ENGINE=InnoDB AUTO_INCREMENT=2 DEFAULT CHARSET=cp1251;

/*Data for the table `Satellite` */

insert  into `Satellite`(`id`,`domen_id`,`theme_id`,`ftp_account_id`) values (1,3,1,4);

/*Table structure for table `Schedule` */

DROP TABLE IF EXISTS `Schedule`;

CREATE TABLE `Schedule` (
  `id` int(11) NOT NULL AUTO_INCREMENT,
  `timeout` int(11) NOT NULL,
  PRIMARY KEY (`id`)
) ENGINE=InnoDB AUTO_INCREMENT=10 DEFAULT CHARSET=cp1251;

/*Data for the table `Schedule` */

insert  into `Schedule`(`id`,`timeout`) values (1,1800),(2,3600),(3,10800),(4,21600),(5,43200),(6,86400),(7,172800),(8,345600),(9,604800);

/*Table structure for table `SearchEngine` */

DROP TABLE IF EXISTS `SearchEngine`;

CREATE TABLE `SearchEngine` (
  `id` int(11) NOT NULL AUTO_INCREMENT,
  `name` varchar(255) NOT NULL,
  PRIMARY KEY (`id`)
) ENGINE=InnoDB DEFAULT CHARSET=cp1251;

/*Data for the table `SearchEngine` */

/*Table structure for table `Source` */

DROP TABLE IF EXISTS `Source`;

CREATE TABLE `Source` (
  `id` int(11) NOT NULL AUTO_INCREMENT,
  `theme_id` int(11) DEFAULT NULL,
  `schedule_id` int(11) DEFAULT NULL,
  `source_type_id` int(11) DEFAULT NULL,
  `url` varchar(255) NOT NULL,
  `parsed_at` datetime DEFAULT NULL,
  PRIMARY KEY (`id`),
  KEY `IDX_58267A4559027487` (`theme_id`),
  KEY `IDX_58267A45A40BC2D5` (`schedule_id`),
  KEY `IDX_58267A458C9334FB` (`source_type_id`),
  CONSTRAINT `FK_58267A458C9334FB` FOREIGN KEY (`source_type_id`) REFERENCES `sourcetype` (`id`),
  CONSTRAINT `FK_58267A4559027487` FOREIGN KEY (`theme_id`) REFERENCES `theme` (`id`),
  CONSTRAINT `FK_58267A45A40BC2D5` FOREIGN KEY (`schedule_id`) REFERENCES `schedule` (`id`)
) ENGINE=InnoDB AUTO_INCREMENT=2 DEFAULT CHARSET=cp1251;

/*Data for the table `Source` */

insert  into `Source`(`id`,`theme_id`,`schedule_id`,`source_type_id`,`url`,`parsed_at`) values (1,1,2,1,'http://www.autonews.ru/automarket_news/','2012-01-26 11:49:48');

/*Table structure for table `SourceAccount` */

DROP TABLE IF EXISTS `SourceAccount`;

CREATE TABLE `SourceAccount` (
  `id` int(11) NOT NULL,
  `source_id` int(11) DEFAULT NULL,
  PRIMARY KEY (`id`),
  UNIQUE KEY `UNIQ_4E39E6A8953C1C61` (`source_id`),
  CONSTRAINT `FK_4E39E6A8BF396750` FOREIGN KEY (`id`) REFERENCES `account` (`id`) ON DELETE CASCADE,
  CONSTRAINT `FK_4E39E6A8953C1C61` FOREIGN KEY (`source_id`) REFERENCES `source` (`id`)
) ENGINE=InnoDB DEFAULT CHARSET=cp1251;

/*Data for the table `SourceAccount` */

/*Table structure for table `SourceType` */

DROP TABLE IF EXISTS `SourceType`;

CREATE TABLE `SourceType` (
  `id` int(11) NOT NULL AUTO_INCREMENT,
  `name` varchar(255) NOT NULL,
  PRIMARY KEY (`id`)
) ENGINE=InnoDB AUTO_INCREMENT=4 DEFAULT CHARSET=cp1251;

/*Data for the table `SourceType` */

insert  into `SourceType`(`id`,`name`) values (1,'Content'),(2,'Bot'),(3,'Proxy');

/*Table structure for table `Theme` */

DROP TABLE IF EXISTS `Theme`;

CREATE TABLE `Theme` (
  `id` int(11) NOT NULL AUTO_INCREMENT,
  `name` varchar(255) NOT NULL,
  PRIMARY KEY (`id`)
) ENGINE=InnoDB AUTO_INCREMENT=2 DEFAULT CHARSET=cp1251;

/*Data for the table `Theme` */

insert  into `Theme`(`id`,`name`) values (1,'Новости авто');

/*Table structure for table `UsedProxy` */

DROP TABLE IF EXISTS `UsedProxy`;

CREATE TABLE `UsedProxy` (
  `id` int(11) NOT NULL AUTO_INCREMENT,
  `source_id` int(11) DEFAULT NULL,
  `proxy_id` int(11) DEFAULT NULL,
  `used_at` datetime NOT NULL,
  `success` tinyint(1) NOT NULL,
  PRIMARY KEY (`id`),
  KEY `IDX_C269B94D953C1C61` (`source_id`),
  KEY `IDX_C269B94DDB26A4E` (`proxy_id`),
  CONSTRAINT `FK_C269B94DDB26A4E` FOREIGN KEY (`proxy_id`) REFERENCES `proxy` (`id`),
  CONSTRAINT `FK_C269B94D953C1C61` FOREIGN KEY (`source_id`) REFERENCES `source` (`id`)
) ENGINE=InnoDB DEFAULT CHARSET=cp1251;

/*Data for the table `UsedProxy` */

/*!40101 SET SQL_MODE=@OLD_SQL_MODE */;
/*!40014 SET FOREIGN_KEY_CHECKS=@OLD_FOREIGN_KEY_CHECKS */;
/*!40014 SET UNIQUE_CHECKS=@OLD_UNIQUE_CHECKS */;
/*!40111 SET SQL_NOTES=@OLD_SQL_NOTES */;
